statistic,hashtag,strftime_template,n,tau,start_time,end_time,index,article_count,alexa_mean,alexa_max,alexa_sum
indegree,blacklivesmatter,%m-%d-%Y %H,,1.0,2013-07-17 03:00:00 UTC,2013-07-17 03:00:00 UTC,1,15,0.21920088790233075,0.6775804661487237,3.2880133185349614
indegree,blacklivesmatter,%m-%d-%Y %H,3,0.8164965809277261,2013-07-17 05:00:00 UTC,2013-07-17 05:00:00 UTC,2,15,0.21920088790233075,0.6775804661487237,3.2880133185349614
indegree,blacklivesmatter,%m-%d-%Y %H,3,1.0,2013-07-17 06:00:00 UTC,2013-07-17 06:00:00 UTC,3,15,0.21920088790233075,0.6775804661487237,3.2880133185349614
indegree,blacklivesmatter,%m-%d-%Y %H,4,0.9258200997725514,2013-07-17 07:00:00 UTC,2013-07-17 07:00:00 UTC,4,15,0.21920088790233075,0.6775804661487237,3.2880133185349614
indegree,blacklivesmatter,%m-%d-%Y %H,4,1.0,2013-07-17 12:00:00 UTC,2013-07-17 12:00:00 UTC,5,15,0.21920088790233075,0.6775804661487237,3.2880133185349614
indegree,blacklivesmatter,%m-%d-%Y %H,4,1.0,2013-07-17 21:00:00 UTC,2013-07-17 21:00:00 UTC,6,15,0.21920088790233075,0.6775804661487237,3.2880133185349614
indegree,blacklivesmatter,%m-%d-%Y %H,4,1.0,2013-07-17 22:00:00 UTC,2013-07-17 22:00:00 UTC,7,15,0.21920088790233075,0.6775804661487237,3.2880133185349614
indegree,blacklivesmatter,%m-%d-%Y %H,5,0.9607689228305227,2013-07-17 23:00:00 UTC,2013-07-17 23:00:00 UTC,8,15,0.21920088790233075,0.6775804661487237,3.2880133185349614
indegree,blacklivesmatter,%m-%d-%Y %H,5,1.0,2013-07-18 03:00:00 UTC,2013-07-18 03:00:00 UTC,9,15,0.21920088790233075,0.6775804661487237,3.2880133185349614
indegree,blacklivesmatter,%m-%d-%Y %H,5,1.0,2013-07-18 05:00:00 UTC,2013-07-18 05:00:00 UTC,10,15,0.21920088790233075,0.6775804661487237,3.2880133185349614
indegree,blacklivesmatter,%m-%d-%Y %H,12,0.9128709291752769,2013-07-18 06:00:00 UTC,2013-07-18 06:00:00 UTC,11,15,0.21920088790233075,0.6775804661487237,3.2880133185349614
indegree,blacklivesmatter,%m-%d-%Y %H,17,0.9931270663228415,2013-07-18 07:00:00 UTC,2013-07-18 07:00:00 UTC,12,15,0.21920088790233075,0.6775804661487237,3.2880133185349614
indegree,blacklivesmatter,%m-%d-%Y %H,18,1.0,2013-07-18 08:00:00 UTC,2013-07-18 08:00:00 UTC,13,15,0.21920088790233075,0.6775804661487237,3.2880133185349614
indegree,blacklivesmatter,%m-%d-%Y %H,20,1.0,2013-07-18 09:00:00 UTC,2013-07-18 09:00:00 UTC,14,15,0.21920088790233075,0.6775804661487237,3.2880133185349614
indegree,blacklivesmatter,%m-%d-%Y %H,21,0.9890707100936805,2013-07-18 18:00:00 UTC,2013-07-18 18:00:00 UTC,15,15,0.21920088790233075,0.6775804661487237,3.2880133185349614
indegree,blacklivesmatter,%m-%d-%Y %H,30,0.8461538461538461,2013-07-18 20:00:00 UTC,2013-07-18 20:00:00 UTC,16,15,0.21920088790233075,0.6775804661487237,3.2880133185349614
indegree,blacklivesmatter,%m-%d-%Y %H,35,0.8857339118003653,2013-07-18 21:00:00 UTC,2013-07-18 21:00:00 UTC,17,15,0.21920088790233075,0.6775804661487237,3.2880133185349614
indegree,blacklivesmatter,%m-%d-%Y %H,35,1.0,2013-07-18 22:00:00 UTC,2013-07-18 22:00:00 UTC,18,15,0.21920088790233075,0.6775804661487237,3.2880133185349614
indegree,blacklivesmatter,%m-%d-%Y %H,36,0.9981933137908463,2013-07-19 01:00:00 UTC,2013-07-19 01:00:00 UTC,19,15,0.21920088790233075,0.6775804661487237,3.2880133185349614
indegree,blacklivesmatter,%m-%d-%Y %H,37,1.0,2013-07-19 04:00:00 UTC,2013-07-19 04:00:00 UTC,20,15,0.21920088790233075,0.6775804661487237,3.2880133185349614
indegree,blacklivesmatter,%m-%d-%Y %H,38,0.999231655668348,2013-07-19 05:00:00 UTC,2013-07-19 05:00:00 UTC,21,15,0.21920088790233075,0.6775804661487237,3.2880133185349614
indegree,blacklivesmatter,%m-%d-%Y %H,40,0.9992885093371755,2013-07-19 06:00:00 UTC,2013-07-19 06:00:00 UTC,22,15,0.21920088790233075,0.6775804661487237,3.2880133185349614
indegree,blacklivesmatter,%m-%d-%Y %H,41,0.9986798674112537,2013-07-19 07:00:00 UTC,2013-07-19 07:00:00 UTC,23,15,0.21920088790233075,0.6775804661487237,3.2880133185349614
indegree,blacklivesmatter,%m-%d-%Y %H,42,0.9988525526915115,2013-07-19 16:00:00 UTC,2013-07-19 16:00:00 UTC,24,15,0.21920088790233075,0.6775804661487237,3.2880133185349614
indegree,blacklivesmatter,%m-%d-%Y %H,42,1.0,2013-07-19 17:00:00 UTC,2013-07-19 17:00:00 UTC,25,15,0.21920088790233075,0.6775804661487237,3.2880133185349614
indegree,blacklivesmatter,%m-%d-%Y %H,42,1.0,2013-07-19 19:00:00 UTC,2013-07-19 19:00:00 UTC,26,15,0.21920088790233075,0.6775804661487237,3.2880133185349614
indegree,blacklivesmatter,%m-%d-%Y %H,42,1.0,2013-07-19 22:00:00 UTC,2013-07-19 22:00:00 UTC,27,15,0.21920088790233075,0.6775804661487237,3.2880133185349614
indegree,blacklivesmatter,%m-%d-%Y %H,44,0.9957407646107581,2013-07-19 23:00:00 UTC,2013-07-19 23:00:00 UTC,28,15,0.21920088790233075,0.6775804661487237,3.2880133185349614
indegree,blacklivesmatter,%m-%d-%Y %H,45,1.0,2013-07-20 02:00:00 UTC,2013-07-20 02:00:00 UTC,29,15,0.21920088790233075,0.6775804661487237,3.2880133185349614
indegree,blacklivesmatter,%m-%d-%Y %H,46,0.9986657765906136,2013-07-20 04:00:00 UTC,2013-07-20 04:00:00 UTC,30,15,0.21920088790233075,0.6775804661487237,3.2880133185349614
indegree,blacklivesmatter,%m-%d-%Y %H,47,0.9996445708080369,2013-07-20 07:00:00 UTC,2013-07-20 07:00:00 UTC,31,15,0.21920088790233075,0.6775804661487237,3.2880133185349614
indegree,blacklivesmatter,%m-%d-%Y %H,48,0.999662788727556,2013-07-20 09:00:00 UTC,2013-07-20 09:00:00 UTC,32,15,0.21920088790233075,0.6775804661487237,3.2880133185349614
indegree,blacklivesmatter,%m-%d-%Y %H,49,0.9435897435897436,2013-07-20 10:00:00 UTC,2013-07-20 10:00:00 UTC,33,15,0.21920088790233075,0.6775804661487237,3.2880133185349614
indegree,blacklivesmatter,%m-%d-%Y %H,49,1.0,2013-07-20 19:00:00 UTC,2013-07-20 19:00:00 UTC,34,15,0.21920088790233075,0.6775804661487237,3.2880133185349614
indegree,blacklivesmatter,%m-%d-%Y %H,50,0.999679641189921,2013-07-20 20:00:00 UTC,2013-07-20 20:00:00 UTC,35,15,0.21920088790233075,0.6775804661487237,3.2880133185349614
indegree,blacklivesmatter,%m-%d-%Y %H,53,0.9990866187772919,2013-07-20 21:00:00 UTC,2013-07-20 21:00:00 UTC,36,15,0.21920088790233075,0.6775804661487237,3.2880133185349614
indegree,blacklivesmatter,%m-%d-%Y %H,55,0.9922705314009662,2013-07-20 22:00:00 UTC,2013-07-20 22:00:00 UTC,37,15,0.21920088790233075,0.6775804661487237,3.2880133185349614
indegree,blacklivesmatter,%m-%d-%Y %H,56,0.999276149018431,2013-07-20 23:00:00 UTC,2013-07-20 23:00:00 UTC,38,15,0.21920088790233075,0.6775804661487237,3.2880133185349614
indegree,blacklivesmatter,%m-%d-%Y %H,59,0.9997874827305723,2013-07-21 02:00:00 UTC,2013-07-21 02:00:00 UTC,39,15,0.21920088790233075,0.6775804661487237,3.2880133185349614
indegree,blacklivesmatter,%m-%d-%Y %H,60,0.999795980820074,2013-07-21 11:00:00 UTC,2013-07-21 11:00:00 UTC,40,15,0.21920088790233075,0.6775804661487237,3.2880133185349614
indegree,blacklivesmatter,%m-%d-%Y %H,61,0.9670588235294117,2013-07-21 17:00:00 UTC,2013-07-21 17:00:00 UTC,41,15,0.21920088790233075,0.6775804661487237,3.2880133185349614
indegree,blacklivesmatter,%m-%d-%Y %H,61,1.0,2013-07-21 18:00:00 UTC,2013-07-21 18:00:00 UTC,42,15,0.21920088790233075,0.6775804661487237,3.2880133185349614
indegree,blacklivesmatter,%m-%d-%Y %H,62,0.9998039792199143,2013-07-22 02:00:00 UTC,2013-07-22 02:00:00 UTC,43,15,0.21920088790233075,0.6775804661487237,3.2880133185349614
indegree,blacklivesmatter,%m-%d-%Y %H,63,0.988388969521045,2013-07-22 18:00:00 UTC,2013-07-22 18:00:00 UTC,44,15,0.21920088790233075,0.6775804661487237,3.2880133185349614
indegree,blacklivesmatter,%m-%d-%Y %H,63,1.0,2013-07-23 00:00:00 UTC,2013-07-23 00:00:00 UTC,45,15,0.21920088790233075,0.6775804661487237,3.2880133185349614
indegree,blacklivesmatter,%m-%d-%Y %H,63,1.0,2013-07-23 17:00:00 UTC,2013-07-23 17:00:00 UTC,46,16,0.20987097669256383,0.6775804661487237,3.3579356270810212
indegree,blacklivesmatter,%m-%d-%Y %H,63,1.0,2013-07-23 18:00:00 UTC,2013-07-23 18:00:00 UTC,47,16,0.20987097669256383,0.6775804661487237,3.3579356270810212
indegree,blacklivesmatter,%m-%d-%Y %H,64,0.9998253427634919,2013-07-23 20:00:00 UTC,2013-07-23 20:00:00 UTC,48,16,0.20987097669256383,0.6775804661487237,3.3579356270810212
indegree,blacklivesmatter,%m-%d-%Y %H,64,1.0,2013-07-23 22:00:00 UTC,2013-07-23 22:00:00 UTC,49,16,0.20987097669256383,0.6775804661487237,3.3579356270810212
indegree,blacklivesmatter,%m-%d-%Y %H,65,0.9811447811447811,2013-07-23 23:00:00 UTC,2013-07-23 23:00:00 UTC,50,16,0.20987097669256383,0.6775804661487237,3.3579356270810212
indegree,blacklivesmatter,%m-%d-%Y %H,65,1.0,2013-07-24 00:00:00 UTC,2013-07-24 00:00:00 UTC,51,16,0.20987097669256383,0.6775804661487237,3.3579356270810212
indegree,blacklivesmatter,%m-%d-%Y %H,66,0.9996634696186041,2013-07-24 01:00:00 UTC,2013-07-24 01:00:00 UTC,52,16,0.20987097669256383,0.6775804661487237,3.3579356270810212
indegree,blacklivesmatter,%m-%d-%Y %H,67,0.9993740218478918,2013-07-24 05:00:00 UTC,2013-07-24 05:00:00 UTC,53,16,0.20987097669256383,0.6775804661487237,3.3579356270810212
indegree,blacklivesmatter,%m-%d-%Y %H,68,0.9889646697225208,2013-07-24 08:00:00 UTC,2013-07-24 08:00:00 UTC,54,16,0.20987097669256383,0.6775804661487237,3.3579356270810212
indegree,blacklivesmatter,%m-%d-%Y %H,69,0.9998798293572542,2013-07-24 19:00:00 UTC,2013-07-24 19:00:00 UTC,55,16,0.20987097669256383,0.6775804661487237,3.3579356270810212
indegree,blacklivesmatter,%m-%d-%Y %H,69,1.0,2013-07-25 01:00:00 UTC,2013-07-25 01:00:00 UTC,56,16,0.20987097669256383,0.6775804661487237,3.3579356270810212
indegree,blacklivesmatter,%m-%d-%Y %H,70,0.9997669812388266,2013-07-25 05:00:00 UTC,2013-07-25 05:00:00 UTC,57,16,0.20987097669256383,0.6775804661487237,3.3579356270810212
indegree,blacklivesmatter,%m-%d-%Y %H,70,1.0,2013-07-25 16:00:00 UTC,2013-07-25 16:00:00 UTC,58,16,0.20987097669256383,0.6775804661487237,3.3579356270810212
indegree,blacklivesmatter,%m-%d-%Y %H,70,1.0,2013-07-26 17:00:00 UTC,2013-07-26 17:00:00 UTC,59,16,0.20987097669256383,0.6775804661487237,3.3579356270810212
indegree,blacklivesmatter,%m-%d-%Y %H,70,1.0,2013-07-26 18:00:00 UTC,2013-07-26 18:00:00 UTC,60,16,0.20987097669256383,0.6775804661487237,3.3579356270810212
indegree,blacklivesmatter,%m-%d-%Y %H,71,0.9997369459378399,2013-07-27 00:00:00 UTC,2013-07-27 00:00:00 UTC,61,16,0.20987097669256383,0.6775804661487237,3.3579356270810212
indegree,blacklivesmatter,%m-%d-%Y %H,72,0.9999188673886134,2013-07-27 06:00:00 UTC,2013-07-27 06:00:00 UTC,62,16,0.20987097669256383,0.6775804661487237,3.3579356270810212
indegree,blacklivesmatter,%m-%d-%Y %H,72,1.0,2013-07-27 09:00:00 UTC,2013-07-27 09:00:00 UTC,63,16,0.20987097669256383,0.6775804661487237,3.3579356270810212
indegree,blacklivesmatter,%m-%d-%Y %H,73,0.9848101265822785,2013-07-27 18:00:00 UTC,2013-07-27 18:00:00 UTC,64,16,0.20987097669256383,0.6775804661487237,3.3579356270810212
indegree,blacklivesmatter,%m-%d-%Y %H,74,0.9917721518987341,2013-07-27 20:00:00 UTC,2013-07-27 20:00:00 UTC,65,16,0.20987097669256383,0.6775804661487237,3.3579356270810212
indegree,blacklivesmatter,%m-%d-%Y %H,74,1.0,2013-07-27 21:00:00 UTC,2013-07-27 21:00:00 UTC,66,16,0.20987097669256383,0.6775804661487237,3.3579356270810212
indegree,blacklivesmatter,%m-%d-%Y %H,75,0.9999208954632312,2013-07-27 22:00:00 UTC,2013-07-27 22:00:00 UTC,67,16,0.20987097669256383,0.6775804661487237,3.3579356270810212
indegree,blacklivesmatter,%m-%d-%Y %H,75,1.0,2013-07-28 00:00:00 UTC,2013-07-28 00:00:00 UTC,68,16,0.20987097669256383,0.6775804661487237,3.3579356270810212
indegree,blacklivesmatter,%m-%d-%Y %H,76,0.9999228484356373,2013-07-28 20:00:00 UTC,2013-07-28 20:00:00 UTC,69,16,0.20987097669256383,0.6775804661487237,3.3579356270810212
indegree,blacklivesmatter,%m-%d-%Y %H,76,1.0,2013-07-29 09:00:00 UTC,2013-07-29 09:00:00 UTC,70,16,0.20987097669256383,0.6775804661487237,3.3579356270810212
indegree,blacklivesmatter,%m-%d-%Y %H,77,0.9998494769314872,2013-07-29 22:00:00 UTC,2013-07-29 22:00:00 UTC,71,16,0.20987097669256383,0.6775804661487237,3.3579356270810212
indegree,blacklivesmatter,%m-%d-%Y %H,78,0.9971313826735514,2013-07-29 23:00:00 UTC,2013-07-29 23:00:00 UTC,72,16,0.20987097669256383,0.6775804661487237,3.3579356270810212
indegree,blacklivesmatter,%m-%d-%Y %H,80,0.9998565999849227,2013-07-30 00:00:00 UTC,2013-07-30 00:00:00 UTC,73,16,0.20987097669256383,0.6775804661487237,3.3579356270810212
indegree,blacklivesmatter,%m-%d-%Y %H,81,1.0,2013-07-30 03:00:00 UTC,2013-07-30 03:00:00 UTC,74,16,0.20987097669256383,0.6775804661487237,3.3579356270810212
indegree,blacklivesmatter,%m-%d-%Y %H,81,1.0,2013-07-30 22:00:00 UTC,2013-07-30 22:00:00 UTC,75,16,0.20987097669256383,0.6775804661487237,3.3579356270810212
indegree,blacklivesmatter,%m-%d-%Y %H,81,1.0,2013-07-31 00:00:00 UTC,2013-07-31 00:00:00 UTC,76,16,0.20987097669256383,0.6775804661487237,3.3579356270810212
indegree,blacklivesmatter,%m-%d-%Y %H,81,1.0,2013-07-31 21:00:00 UTC,2013-07-31 21:00:00 UTC,77,16,0.20987097669256383,0.6775804661487237,3.3579356270810212
indegree,blacklivesmatter,%m-%d-%Y %H,81,1.0,2013-07-31 22:00:00 UTC,2013-07-31 22:00:00 UTC,78,16,0.20987097669256383,0.6775804661487237,3.3579356270810212
indegree,blacklivesmatter,%m-%d-%Y %H,81,1.0,2013-08-01 00:00:00 UTC,2013-08-01 00:00:00 UTC,79,16,0.20987097669256383,0.6775804661487237,3.3579356270810212
indegree,blacklivesmatter,%m-%d-%Y %H,81,1.0,2013-08-01 01:00:00 UTC,2013-08-01 01:00:00 UTC,80,16,0.20987097669256383,0.6775804661487237,3.3579356270810212
indegree,blacklivesmatter,%m-%d-%Y %H,82,0.9980292642460923,2013-08-01 06:00:00 UTC,2013-08-01 06:00:00 UTC,81,16,0.20987097669256383,0.6775804661487237,3.3579356270810212
indegree,blacklivesmatter,%m-%d-%Y %H,82,1.0,2013-08-01 22:00:00 UTC,2013-08-01 22:00:00 UTC,82,16,0.20987097669256383,0.6775804661487237,3.3579356270810212
indegree,blacklivesmatter,%m-%d-%Y %H,82,1.0,2013-08-02 00:00:00 UTC,2013-08-02 00:00:00 UTC,83,16,0.20987097669256383,0.6775804661487237,3.3579356270810212
indegree,blacklivesmatter,%m-%d-%Y %H,82,1.0,2013-08-02 05:00:00 UTC,2013-08-02 05:00:00 UTC,84,16,0.20987097669256383,0.6775804661487237,3.3579356270810212
indegree,blacklivesmatter,%m-%d-%Y %H,83,0.9999415665994184,2013-08-02 20:00:00 UTC,2013-08-02 20:00:00 UTC,85,16,0.20987097669256383,0.6775804661487237,3.3579356270810212
indegree,blacklivesmatter,%m-%d-%Y %H,84,0.9999428097566088,2013-08-03 00:00:00 UTC,2013-08-03 00:00:00 UTC,86,16,0.20987097669256383,0.6775804661487237,3.3579356270810212
indegree,blacklivesmatter,%m-%d-%Y %H,84,1.0,2013-08-03 03:00:00 UTC,2013-08-03 03:00:00 UTC,87,16,0.20987097669256383,0.6775804661487237,3.3579356270810212
indegree,blacklivesmatter,%m-%d-%Y %H,85,0.9999440136606229,2013-08-03 10:00:00 UTC,2013-08-03 10:00:00 UTC,88,16,0.20987097669256383,0.6775804661487237,3.3579356270810212
indegree,blacklivesmatter,%m-%d-%Y %H,85,1.0,2013-08-04 21:00:00 UTC,2013-08-04 21:00:00 UTC,89,16,0.20987097669256383,0.6775804661487237,3.3579356270810212
indegree,blacklivesmatter,%m-%d-%Y %H,85,1.0,2013-08-04 23:00:00 UTC,2013-08-04 23:00:00 UTC,90,16,0.20987097669256383,0.6775804661487237,3.3579356270810212
indegree,blacklivesmatter,%m-%d-%Y %H,85,1.0,2013-08-05 01:00:00 UTC,2013-08-05 01:00:00 UTC,91,16,0.20987097669256383,0.6775804661487237,3.3579356270810212
indegree,blacklivesmatter,%m-%d-%Y %H,85,1.0,2013-08-05 19:00:00 UTC,2013-08-05 19:00:00 UTC,92,16,0.20987097669256383,0.6775804661487237,3.3579356270810212
indegree,blacklivesmatter,%m-%d-%Y %H,86,0.9999463101661314,2013-08-05 22:00:00 UTC,2013-08-05 22:00:00 UTC,93,16,0.20987097669256383,0.6775804661487237,3.3579356270810212
indegree,blacklivesmatter,%m-%d-%Y %H,86,1.0,2013-08-06 00:00:00 UTC,2013-08-06 00:00:00 UTC,94,16,0.20987097669256383,0.6775804661487237,3.3579356270810212
indegree,blacklivesmatter,%m-%d-%Y %H,86,1.0,2013-08-06 03:00:00 UTC,2013-08-06 03:00:00 UTC,95,16,0.20987097669256383,0.6775804661487237,3.3579356270810212
indegree,blacklivesmatter,%m-%d-%Y %H,86,1.0,2013-08-06 17:00:00 UTC,2013-08-06 17:00:00 UTC,96,16,0.20987097669256383,0.6775804661487237,3.3579356270810212
indegree,blacklivesmatter,%m-%d-%Y %H,87,0.999947405790586,2013-08-07 00:00:00 UTC,2013-08-07 00:00:00 UTC,97,16,0.20987097669256383,0.6775804661487237,3.3579356270810212
indegree,blacklivesmatter,%m-%d-%Y %H,88,0.9804068938919961,2013-08-07 05:00:00 UTC,2013-08-07 05:00:00 UTC,98,16,0.20987097669256383,0.6775804661487237,3.3579356270810212
indegree,blacklivesmatter,%m-%d-%Y %H,88,1.0,2013-08-08 05:00:00 UTC,2013-08-08 05:00:00 UTC,99,16,0.20987097669256383,0.6775804661487237,3.3579356270810212
indegree,blacklivesmatter,%m-%d-%Y %H,88,1.0,2013-08-08 08:00:00 UTC,2013-08-08 08:00:00 UTC,100,16,0.20987097669256383,0.6775804661487237,3.3579356270810212
indegree,blacklivesmatter,%m-%d-%Y %H,88,1.0,2013-08-08 12:00:00 UTC,2013-08-08 12:00:00 UTC,101,16,0.20987097669256383,0.6775804661487237,3.3579356270810212
indegree,blacklivesmatter,%m-%d-%Y %H,89,0.9998969390910027,2013-08-08 14:00:00 UTC,2013-08-08 14:00:00 UTC,102,16,0.20987097669256383,0.6775804661487237,3.3579356270810212
indegree,blacklivesmatter,%m-%d-%Y %H,89,1.0,2013-08-08 20:00:00 UTC,2013-08-08 20:00:00 UTC,103,16,0.20987097669256383,0.6775804661487237,3.3579356270810212
indegree,blacklivesmatter,%m-%d-%Y %H,90,0.9998969390910027,2013-08-09 01:00:00 UTC,2013-08-09 01:00:00 UTC,104,16,0.20987097669256383,0.6775804661487237,3.3579356270810212
indegree,blacklivesmatter,%m-%d-%Y %H,91,1.0,2013-08-09 11:00:00 UTC,2013-08-09 11:00:00 UTC,105,16,0.20987097669256383,0.6775804661487237,3.3579356270810212
indegree,blacklivesmatter,%m-%d-%Y %H,91,1.0,2013-08-09 18:00:00 UTC,2013-08-09 18:00:00 UTC,106,16,0.20987097669256383,0.6775804661487237,3.3579356270810212
indegree,blacklivesmatter,%m-%d-%Y %H,91,1.0,2013-08-09 19:00:00 UTC,2013-08-09 19:00:00 UTC,107,16,0.20987097669256383,0.6775804661487237,3.3579356270810212
indegree,blacklivesmatter,%m-%d-%Y %H,92,0.9996779388083736,2013-08-10 02:00:00 UTC,2013-08-10 02:00:00 UTC,108,16,0.20987097669256383,0.6775804661487237,3.3579356270810212
indegree,blacklivesmatter,%m-%d-%Y %H,93,0.983030303030303,2013-08-10 03:00:00 UTC,2013-08-10 03:00:00 UTC,109,16,0.20987097669256383,0.6775804661487237,3.3579356270810212
indegree,blacklivesmatter,%m-%d-%Y %H,95,0.9961867463671029,2013-08-10 04:00:00 UTC,2013-08-10 04:00:00 UTC,110,16,0.20987097669256383,0.6775804661487237,3.3579356270810212
indegree,blacklivesmatter,%m-%d-%Y %H,95,1.0,2013-08-10 21:00:00 UTC,2013-08-10 21:00:00 UTC,111,16,0.20987097669256383,0.6775804661487237,3.3579356270810212
indegree,blacklivesmatter,%m-%d-%Y %H,95,1.0,2013-08-10 22:00:00 UTC,2013-08-10 22:00:00 UTC,112,16,0.20987097669256383,0.6775804661487237,3.3579356270810212
indegree,blacklivesmatter,%m-%d-%Y %H,95,1.0,2013-08-11 03:00:00 UTC,2013-08-11 03:00:00 UTC,113,16,0.20987097669256383,0.6775804661487237,3.3579356270810212
indegree,blacklivesmatter,%m-%d-%Y %H,96,0.9998969390910027,2013-08-11 04:00:00 UTC,2013-08-11 04:00:00 UTC,114,16,0.20987097669256383,0.6775804661487237,3.3579356270810212
indegree,blacklivesmatter,%m-%d-%Y %H,99,0.9923232323232323,2013-08-14 00:00:00 UTC,2013-08-14 00:00:00 UTC,115,16,0.20987097669256383,0.6775804661487237,3.3579356270810212
indegree,blacklivesmatter,%m-%d-%Y %H,99,1.0,2013-08-14 08:00:00 UTC,2013-08-14 08:00:00 UTC,116,16,0.20987097669256383,0.6775804661487237,3.3579356270810212
indegree,blacklivesmatter,%m-%d-%Y %H,100,0.9998969390910027,2013-08-14 18:00:00 UTC,2013-08-14 18:00:00 UTC,117,16,0.20987097669256383,0.6775804661487237,3.3579356270810212
indegree,blacklivesmatter,%m-%d-%Y %H,100,1.0,2013-08-14 19:00:00 UTC,2013-08-14 19:00:00 UTC,118,16,0.20987097669256383,0.6775804661487237,3.3579356270810212
indegree,blacklivesmatter,%m-%d-%Y %H,100,1.0,2013-08-14 22:00:00 UTC,2013-08-14 22:00:00 UTC,119,16,0.20987097669256383,0.6775804661487237,3.3579356270810212
indegree,blacklivesmatter,%m-%d-%Y %H,101,0.9997896508203618,2013-08-16 13:00:00 UTC,2013-08-16 13:00:00 UTC,120,16,0.20987097669256383,0.6775804661487237,3.3579356270810212
indegree,blacklivesmatter,%m-%d-%Y %H,102,0.9997896508203618,2013-08-18 19:00:00 UTC,2013-08-18 19:00:00 UTC,121,17,0.20229157145655152,0.6775804661487237,3.438956714761376
indegree,blacklivesmatter,%m-%d-%Y %H,103,0.9870707070707071,2013-08-18 21:00:00 UTC,2013-08-18 21:00:00 UTC,122,17,0.20229157145655152,0.6775804661487237,3.438956714761376
indegree,blacklivesmatter,%m-%d-%Y %H,103,1.0,2013-08-19 04:00:00 UTC,2013-08-19 04:00:00 UTC,123,17,0.20229157145655152,0.6775804661487237,3.438956714761376
indegree,blacklivesmatter,%m-%d-%Y %H,103,1.0,2013-08-20 15:00:00 UTC,2013-08-20 15:00:00 UTC,124,17,0.20229157145655152,0.6775804661487237,3.438956714761376
indegree,blacklivesmatter,%m-%d-%Y %H,103,1.0,2013-08-21 04:00:00 UTC,2013-08-21 04:00:00 UTC,125,17,0.20229157145655152,0.6775804661487237,3.438956714761376
indegree,blacklivesmatter,%m-%d-%Y %H,103,1.0,2013-08-22 06:00:00 UTC,2013-08-22 06:00:00 UTC,126,17,0.20229157145655152,0.6775804661487237,3.438956714761376
indegree,blacklivesmatter,%m-%d-%Y %H,103,1.0,2013-08-23 01:00:00 UTC,2013-08-23 01:00:00 UTC,127,17,0.20229157145655152,0.6775804661487237,3.438956714761376
indegree,blacklivesmatter,%m-%d-%Y %H,104,0.9998969390910027,2013-08-23 06:00:00 UTC,2013-08-23 06:00:00 UTC,128,17,0.20229157145655152,0.6775804661487237,3.438956714761376
indegree,blacklivesmatter,%m-%d-%Y %H,105,0.9997896508203618,2013-08-26 00:00:00 UTC,2013-08-26 00:00:00 UTC,129,17,0.20229157145655152,0.6775804661487237,3.438956714761376
indegree,blacklivesmatter,%m-%d-%Y %H,106,0.9998969390910027,2013-08-26 06:00:00 UTC,2013-08-26 06:00:00 UTC,130,17,0.20229157145655152,0.6775804661487237,3.438956714761376
indegree,blacklivesmatter,%m-%d-%Y %H,106,1.0,2013-08-26 17:00:00 UTC,2013-08-26 17:00:00 UTC,131,17,0.20229157145655152,0.6775804661487237,3.438956714761376
indegree,blacklivesmatter,%m-%d-%Y %H,107,0.9998969390910027,2013-08-26 21:00:00 UTC,2013-08-26 21:00:00 UTC,132,17,0.20229157145655152,0.6775804661487237,3.438956714761376
indegree,blacklivesmatter,%m-%d-%Y %H,108,0.9916703200350724,2013-08-26 22:00:00 UTC,2013-08-26 22:00:00 UTC,133,17,0.20229157145655152,0.6775804661487237,3.438956714761376
indegree,blacklivesmatter,%m-%d-%Y %H,109,0.9997896508203618,2013-08-26 23:00:00 UTC,2013-08-26 23:00:00 UTC,134,17,0.20229157145655152,0.6775804661487237,3.438956714761376
indegree,blacklivesmatter,%m-%d-%Y %H,111,0.998389694041868,2013-08-27 01:00:00 UTC,2013-08-27 01:00:00 UTC,135,17,0.20229157145655152,0.6775804661487237,3.438956714761376
indegree,blacklivesmatter,%m-%d-%Y %H,112,0.9927272727272727,2013-08-27 02:00:00 UTC,2013-08-27 02:00:00 UTC,136,17,0.20229157145655152,0.6775804661487237,3.438956714761376
indegree,blacklivesmatter,%m-%d-%Y %H,113,0.9987878787878788,2013-08-27 06:00:00 UTC,2013-08-27 06:00:00 UTC,137,17,0.20229157145655152,0.6775804661487237,3.438956714761376
indegree,blacklivesmatter,%m-%d-%Y %H,114,0.9997896508203618,2013-08-27 18:00:00 UTC,2013-08-27 18:00:00 UTC,138,17,0.20229157145655152,0.6775804661487237,3.438956714761376
indegree,blacklivesmatter,%m-%d-%Y %H,115,0.9846464646464647,2013-08-27 19:00:00 UTC,2013-08-27 19:00:00 UTC,139,17,0.20229157145655152,0.6775804661487237,3.438956714761376
indegree,blacklivesmatter,%m-%d-%Y %H,117,0.9978357209110584,2013-08-27 20:00:00 UTC,2013-08-27 20:00:00 UTC,140,17,0.20229157145655152,0.6775804661487237,3.438956714761376
indegree,blacklivesmatter,%m-%d-%Y %H,118,0.9967676767676767,2013-08-28 00:00:00 UTC,2013-08-28 00:00:00 UTC,141,17,0.20229157145655152,0.6775804661487237,3.438956714761376
indegree,blacklivesmatter,%m-%d-%Y %H,118,1.0,2013-08-28 01:00:00 UTC,2013-08-28 01:00:00 UTC,142,17,0.20229157145655152,0.6775804661487237,3.438956714761376
indegree,blacklivesmatter,%m-%d-%Y %H,118,1.0,2013-08-28 04:00:00 UTC,2013-08-28 04:00:00 UTC,143,17,0.20229157145655152,0.6775804661487237,3.438956714761376
indegree,blacklivesmatter,%m-%d-%Y %H,119,0.9995959595959596,2013-08-28 05:00:00 UTC,2013-08-28 05:00:00 UTC,144,17,0.20229157145655152,0.6775804661487237,3.438956714761376
indegree,blacklivesmatter,%m-%d-%Y %H,120,0.9986847873739588,2013-08-28 06:00:00 UTC,2013-08-28 06:00:00 UTC,145,17,0.20229157145655152,0.6775804661487237,3.438956714761376
indegree,blacklivesmatter,%m-%d-%Y %H,121,1.0,2013-08-28 09:00:00 UTC,2013-08-28 09:00:00 UTC,146,17,0.20229157145655152,0.6775804661487237,3.438956714761376
indegree,blacklivesmatter,%m-%d-%Y %H,121,1.0,2013-08-28 17:00:00 UTC,2013-08-28 17:00:00 UTC,147,17,0.20229157145655152,0.6775804661487237,3.438956714761376
indegree,blacklivesmatter,%m-%d-%Y %H,122,0.997979797979798,2013-08-28 18:00:00 UTC,2013-08-28 18:00:00 UTC,148,17,0.20229157145655152,0.6775804661487237,3.438956714761376
indegree,blacklivesmatter,%m-%d-%Y %H,124,0.999484695455014,2013-08-29 03:00:00 UTC,2013-08-29 03:00:00 UTC,149,17,0.20229157145655152,0.6775804661487237,3.438956714761376
indegree,blacklivesmatter,%m-%d-%Y %H,124,1.0,2013-08-29 04:00:00 UTC,2013-08-29 04:00:00 UTC,150,17,0.20229157145655152,0.6775804661487237,3.438956714761376
indegree,blacklivesmatter,%m-%d-%Y %H,125,0.9758877685225779,2013-08-29 19:00:00 UTC,2013-08-29 19:00:00 UTC,151,17,0.20229157145655152,0.6775804661487237,3.438956714761376
indegree,blacklivesmatter,%m-%d-%Y %H,126,0.9998969390910027,2013-08-29 20:00:00 UTC,2013-08-29 20:00:00 UTC,152,17,0.20229157145655152,0.6775804661487237,3.438956714761376
indegree,blacklivesmatter,%m-%d-%Y %H,127,0.9998969390910027,2013-08-29 22:00:00 UTC,2013-08-29 22:00:00 UTC,153,17,0.20229157145655152,0.6775804661487237,3.438956714761376
indegree,blacklivesmatter,%m-%d-%Y %H,128,0.9998969390910027,2013-08-29 23:00:00 UTC,2013-08-29 23:00:00 UTC,154,17,0.20229157145655152,0.6775804661487237,3.438956714761376
indegree,blacklivesmatter,%m-%d-%Y %H,129,0.973925590023704,2013-08-30 00:00:00 UTC,2013-08-30 00:00:00 UTC,155,17,0.20229157145655152,0.6775804661487237,3.438956714761376
indegree,blacklivesmatter,%m-%d-%Y %H,136,0.946430488459474,2013-08-30 01:00:00 UTC,2013-08-30 01:00:00 UTC,156,17,0.20229157145655152,0.6775804661487237,3.438956714761376
indegree,blacklivesmatter,%m-%d-%Y %H,139,0.9753535353535353,2013-08-30 03:00:00 UTC,2013-08-30 03:00:00 UTC,157,17,0.20229157145655152,0.6775804661487237,3.438956714761376
indegree,blacklivesmatter,%m-%d-%Y %H,141,0.9975757575757576,2013-08-30 04:00:00 UTC,2013-08-30 04:00:00 UTC,158,17,0.20229157145655152,0.6775804661487237,3.438956714761376
indegree,blacklivesmatter,%m-%d-%Y %H,142,0.9920643100072143,2013-08-30 05:00:00 UTC,2013-08-30 05:00:00 UTC,159,17,0.20229157145655152,0.6775804661487237,3.438956714761376
indegree,blacklivesmatter,%m-%d-%Y %H,174,0.9068814855270344,2013-08-30 06:00:00 UTC,2013-08-30 06:00:00 UTC,160,17,0.20229157145655152,0.6775804661487237,3.438956714761376
indegree,blacklivesmatter,%m-%d-%Y %H,185,0.8738593666129898,2013-08-30 07:00:00 UTC,2013-08-30 07:00:00 UTC,161,17,0.20229157145655152,0.6775804661487237,3.438956714761376
indegree,blacklivesmatter,%m-%d-%Y %H,185,1.0,2013-08-30 08:00:00 UTC,2013-08-30 08:00:00 UTC,162,17,0.20229157145655152,0.6775804661487237,3.438956714761376
indegree,blacklivesmatter,%m-%d-%Y %H,186,0.9995959595959596,2013-08-30 09:00:00 UTC,2013-08-30 09:00:00 UTC,163,17,0.20229157145655152,0.6775804661487237,3.438956714761376
indegree,blacklivesmatter,%m-%d-%Y %H,187,0.9998969390910027,2013-08-30 10:00:00 UTC,2013-08-30 10:00:00 UTC,164,17,0.20229157145655152,0.6775804661487237,3.438956714761376
indegree,blacklivesmatter,%m-%d-%Y %H,189,0.9991919191919192,2013-08-30 14:00:00 UTC,2013-08-30 14:00:00 UTC,165,17,0.20229157145655152,0.6775804661487237,3.438956714761376
indegree,blacklivesmatter,%m-%d-%Y %H,191,0.9995959595959596,2013-08-30 17:00:00 UTC,2013-08-30 17:00:00 UTC,166,17,0.20229157145655152,0.6775804661487237,3.438956714761376
indegree,blacklivesmatter,%m-%d-%Y %H,192,1.0,2013-08-30 23:00:00 UTC,2013-08-30 23:00:00 UTC,167,17,0.20229157145655152,0.6775804661487237,3.438956714761376
indegree,blacklivesmatter,%m-%d-%Y %H,193,0.9998969390910027,2013-08-31 00:00:00 UTC,2013-08-31 00:00:00 UTC,168,17,0.20229157145655152,0.6775804661487237,3.438956714761376
indegree,blacklivesmatter,%m-%d-%Y %H,194,0.981010101010101,2013-08-31 01:00:00 UTC,2013-08-31 01:00:00 UTC,169,17,0.20229157145655152,0.6775804661487237,3.438956714761376
indegree,blacklivesmatter,%m-%d-%Y %H,194,1.0,2013-08-31 03:00:00 UTC,2013-08-31 03:00:00 UTC,170,17,0.20229157145655152,0.6775804661487237,3.438956714761376
indegree,blacklivesmatter,%m-%d-%Y %H,195,1.0,2013-08-31 05:00:00 UTC,2013-08-31 05:00:00 UTC,171,17,0.20229157145655152,0.6775804661487237,3.438956714761376
indegree,blacklivesmatter,%m-%d-%Y %H,196,1.0,2013-08-31 06:00:00 UTC,2013-08-31 06:00:00 UTC,172,17,0.20229157145655152,0.6775804661487237,3.438956714761376
indegree,blacklivesmatter,%m-%d-%Y %H,197,0.9998969390910027,2013-08-31 15:00:00 UTC,2013-08-31 15:00:00 UTC,173,17,0.20229157145655152,0.6775804661487237,3.438956714761376
indegree,blacklivesmatter,%m-%d-%Y %H,197,1.0,2013-08-31 18:00:00 UTC,2013-08-31 18:00:00 UTC,174,17,0.20229157145655152,0.6775804661487237,3.438956714761376
indegree,blacklivesmatter,%m-%d-%Y %H,197,1.0,2013-08-31 23:00:00 UTC,2013-08-31 23:00:00 UTC,175,17,0.20229157145655152,0.6775804661487237,3.438956714761376
indegree,blacklivesmatter,%m-%d-%Y %H,198,1.0,2013-09-01 05:00:00 UTC,2013-09-01 05:00:00 UTC,176,17,0.20229157145655152,0.6775804661487237,3.438956714761376
indegree,blacklivesmatter,%m-%d-%Y %H,198,1.0,2013-09-01 07:00:00 UTC,2013-09-01 07:00:00 UTC,177,17,0.20229157145655152,0.6775804661487237,3.438956714761376
indegree,blacklivesmatter,%m-%d-%Y %H,198,1.0,2013-09-07 08:00:00 UTC,2013-09-07 08:00:00 UTC,178,17,0.20229157145655152,0.6775804661487237,3.438956714761376
indegree,blacklivesmatter,%m-%d-%Y %H,199,1.0,2013-09-07 14:00:00 UTC,2013-09-07 14:00:00 UTC,179,17,0.20229157145655152,0.6775804661487237,3.438956714761376
indegree,blacklivesmatter,%m-%d-%Y %H,199,1.0,2013-09-08 17:00:00 UTC,2013-09-08 17:00:00 UTC,180,17,0.20229157145655152,0.6775804661487237,3.438956714761376
indegree,blacklivesmatter,%m-%d-%Y %H,199,1.0,2013-09-08 19:00:00 UTC,2013-09-08 19:00:00 UTC,181,17,0.20229157145655152,0.6775804661487237,3.438956714761376
indegree,blacklivesmatter,%m-%d-%Y %H,200,0.9997896508203618,2013-09-10 00:00:00 UTC,2013-09-10 00:00:00 UTC,182,17,0.20229157145655152,0.6775804661487237,3.438956714761376
indegree,blacklivesmatter,%m-%d-%Y %H,200,1.0,2013-09-11 20:00:00 UTC,2013-09-11 20:00:00 UTC,183,17,0.20229157145655152,0.6775804661487237,3.438956714761376
indegree,blacklivesmatter,%m-%d-%Y %H,200,1.0,2013-09-28 08:00:00 UTC,2013-09-28 08:00:00 UTC,184,17,0.20229157145655152,0.6775804661487237,3.438956714761376
indegree,blacklivesmatter,%m-%d-%Y %H,200,1.0,2013-10-01 08:00:00 UTC,2013-10-01 08:00:00 UTC,185,17,0.20229157145655152,0.6775804661487237,3.438956714761376
indegree,blacklivesmatter,%m-%d-%Y %H,200,1.0,2013-10-03 17:00:00 UTC,2013-10-03 17:00:00 UTC,186,17,0.20229157145655152,0.6775804661487237,3.438956714761376
indegree,blacklivesmatter,%m-%d-%Y %H,201,0.9959595959595959,2013-10-07 06:00:00 UTC,2013-10-07 06:00:00 UTC,187,17,0.20229157145655152,0.6775804661487237,3.438956714761376
indegree,blacklivesmatter,%m-%d-%Y %H,202,0.999248523886205,2013-10-08 19:00:00 UTC,2013-10-08 19:00:00 UTC,188,17,0.20229157145655152,0.6775804661487237,3.438956714761376
indegree,blacklivesmatter,%m-%d-%Y %H,203,0.9995959595959596,2013-10-13 06:00:00 UTC,2013-10-13 06:00:00 UTC,189,17,0.20229157145655152,0.6775804661487237,3.438956714761376
indegree,blacklivesmatter,%m-%d-%Y %H,203,1.0,2013-10-13 07:00:00 UTC,2013-10-13 07:00:00 UTC,190,17,0.20229157145655152,0.6775804661487237,3.438956714761376
indegree,blacklivesmatter,%m-%d-%Y %H,204,0.983030303030303,2013-10-15 11:00:00 UTC,2013-10-15 11:00:00 UTC,191,17,0.20229157145655152,0.6775804661487237,3.438956714761376
indegree,blacklivesmatter,%m-%d-%Y %H,204,1.0,2013-10-21 07:00:00 UTC,2013-10-21 07:00:00 UTC,192,17,0.20229157145655152,0.6775804661487237,3.438956714761376
indegree,blacklivesmatter,%m-%d-%Y %H,204,1.0,2013-10-24 01:00:00 UTC,2013-10-24 01:00:00 UTC,193,17,0.20229157145655152,0.6775804661487237,3.438956714761376
indegree,blacklivesmatter,%m-%d-%Y %H,204,1.0,2013-10-29 08:00:00 UTC,2013-10-29 08:00:00 UTC,194,17,0.20229157145655152,0.6775804661487237,3.438956714761376
indegree,blacklivesmatter,%m-%d-%Y %H,205,0.9997896508203618,2013-10-29 19:00:00 UTC,2013-10-29 19:00:00 UTC,195,17,0.20229157145655152,0.6775804661487237,3.438956714761376
indegree,blacklivesmatter,%m-%d-%Y %H,206,0.9998969390910027,2013-11-07 19:00:00 UTC,2013-11-07 19:00:00 UTC,196,17,0.20229157145655152,0.6775804661487237,3.438956714761376
indegree,blacklivesmatter,%m-%d-%Y %H,207,0.9886868686868687,2013-11-08 02:00:00 UTC,2013-11-08 02:00:00 UTC,197,17,0.20229157145655152,0.6775804661487237,3.438956714761376
indegree,blacklivesmatter,%m-%d-%Y %H,207,1.0,2013-11-08 21:00:00 UTC,2013-11-08 21:00:00 UTC,198,17,0.20229157145655152,0.6775804661487237,3.438956714761376
indegree,blacklivesmatter,%m-%d-%Y %H,207,1.0,2013-11-09 03:00:00 UTC,2013-11-09 03:00:00 UTC,199,17,0.20229157145655152,0.6775804661487237,3.438956714761376
indegree,blacklivesmatter,%m-%d-%Y %H,207,1.0,2013-11-10 01:00:00 UTC,2013-11-10 01:00:00 UTC,200,17,0.20229157145655152,0.6775804661487237,3.438956714761376
indegree,blacklivesmatter,%m-%d-%Y %H,207,1.0,2013-11-11 01:00:00 UTC,2013-11-11 01:00:00 UTC,201,17,0.20229157145655152,0.6775804661487237,3.438956714761376
indegree,blacklivesmatter,%m-%d-%Y %H,207,1.0,2013-11-13 19:00:00 UTC,2013-11-13 19:00:00 UTC,202,17,0.20229157145655152,0.6775804661487237,3.438956714761376
indegree,blacklivesmatter,%m-%d-%Y %H,208,0.999484695455014,2013-11-13 23:00:00 UTC,2013-11-13 23:00:00 UTC,203,17,0.20229157145655152,0.6775804661487237,3.438956714761376
indegree,blacklivesmatter,%m-%d-%Y %H,212,0.9838194372874369,2013-11-15 08:00:00 UTC,2013-11-15 08:00:00 UTC,204,17,0.20229157145655152,0.6775804661487237,3.438956714761376
indegree,blacklivesmatter,%m-%d-%Y %H,213,0.9874747474747475,2013-11-15 17:00:00 UTC,2013-11-15 17:00:00 UTC,205,17,0.20229157145655152,0.6775804661487237,3.438956714761376
indegree,blacklivesmatter,%m-%d-%Y %H,213,1.0,2013-11-18 09:00:00 UTC,2013-11-18 09:00:00 UTC,206,17,0.20229157145655152,0.6775804661487237,3.438956714761376
indegree,blacklivesmatter,%m-%d-%Y %H,214,0.9975757575757576,2013-11-20 21:00:00 UTC,2013-11-20 21:00:00 UTC,207,17,0.20229157145655152,0.6775804661487237,3.438956714761376
indegree,blacklivesmatter,%m-%d-%Y %H,214,1.0,2013-11-22 21:00:00 UTC,2013-11-22 21:00:00 UTC,208,17,0.20229157145655152,0.6775804661487237,3.438956714761376
indegree,blacklivesmatter,%m-%d-%Y %H,215,0.9998969390910027,2013-11-26 10:00:00 UTC,2013-11-26 10:00:00 UTC,209,17,0.20229157145655152,0.6775804661487237,3.438956714761376
indegree,blacklivesmatter,%m-%d-%Y %H,216,0.9907070707070708,2013-11-26 20:00:00 UTC,2013-11-26 20:00:00 UTC,210,17,0.20229157145655152,0.6775804661487237,3.438956714761376
indegree,blacklivesmatter,%m-%d-%Y %H,216,1.0,2013-12-09 21:00:00 UTC,2013-12-09 21:00:00 UTC,211,17,0.20229157145655152,0.6775804661487237,3.438956714761376
indegree,blacklivesmatter,%m-%d-%Y %H,217,0.9879418736473256,2013-12-12 05:00:00 UTC,2013-12-12 05:00:00 UTC,212,17,0.20229157145655152,0.6775804661487237,3.438956714761376
indegree,blacklivesmatter,%m-%d-%Y %H,217,1.0,2013-12-24 01:00:00 UTC,2013-12-24 01:00:00 UTC,213,17,0.20229157145655152,0.6775804661487237,3.438956714761376
indegree,blacklivesmatter,%m-%d-%Y %H,218,0.9998969390910027,2013-12-24 10:00:00 UTC,2013-12-24 10:00:00 UTC,214,17,0.20229157145655152,0.6775804661487237,3.438956714761376
indegree,blacklivesmatter,%m-%d-%Y %H,219,0.9998969390910027,2014-01-01 10:00:00 UTC,2014-01-01 10:00:00 UTC,215,17,0.20229157145655152,0.6775804661487237,3.438956714761376
indegree,blacklivesmatter,%m-%d-%Y %H,219,1.0,2014-01-02 00:00:00 UTC,2014-01-02 00:00:00 UTC,216,17,0.20229157145655152,0.6775804661487237,3.438956714761376
indegree,blacklivesmatter,%m-%d-%Y %H,220,0.9874747474747475,2014-01-02 02:00:00 UTC,2014-01-02 02:00:00 UTC,217,17,0.20229157145655152,0.6775804661487237,3.438956714761376
indegree,blacklivesmatter,%m-%d-%Y %H,221,0.9949500154591363,2014-01-02 03:00:00 UTC,2014-01-02 03:00:00 UTC,218,17,0.20229157145655152,0.6775804661487237,3.438956714761376
indegree,blacklivesmatter,%m-%d-%Y %H,221,1.0,2014-01-03 17:00:00 UTC,2014-01-03 17:00:00 UTC,219,17,0.20229157145655152,0.6775804661487237,3.438956714761376
indegree,blacklivesmatter,%m-%d-%Y %H,222,0.9998969390910027,2014-01-04 05:00:00 UTC,2014-01-04 05:00:00 UTC,220,17,0.20229157145655152,0.6775804661487237,3.438956714761376
indegree,blacklivesmatter,%m-%d-%Y %H,223,0.9975757575757576,2014-01-07 18:00:00 UTC,2014-01-07 18:00:00 UTC,221,17,0.20229157145655152,0.6775804661487237,3.438956714761376
indegree,blacklivesmatter,%m-%d-%Y %H,223,1.0,2014-01-12 09:00:00 UTC,2014-01-12 09:00:00 UTC,222,17,0.20229157145655152,0.6775804661487237,3.438956714761376
indegree,blacklivesmatter,%m-%d-%Y %H,224,0.9998969390910027,2014-01-15 21:00:00 UTC,2014-01-15 21:00:00 UTC,223,17,0.20229157145655152,0.6775804661487237,3.438956714761376
indegree,blacklivesmatter,%m-%d-%Y %H,225,0.9866666666666667,2014-01-19 06:00:00 UTC,2014-01-19 06:00:00 UTC,224,17,0.20229157145655152,0.6775804661487237,3.438956714761376
indegree,blacklivesmatter,%m-%d-%Y %H,225,1.0,2014-01-21 00:00:00 UTC,2014-01-21 00:00:00 UTC,225,17,0.20229157145655152,0.6775804661487237,3.438956714761376
indegree,blacklivesmatter,%m-%d-%Y %H,226,0.9998969390910027,2014-02-03 20:00:00 UTC,2014-02-03 20:00:00 UTC,226,18,0.1912381304723147,0.6775804661487237,3.4422863485016646
indegree,blacklivesmatter,%m-%d-%Y %H,226,1.0,2014-02-05 19:00:00 UTC,2014-02-05 19:00:00 UTC,227,18,0.1912381304723147,0.6775804661487237,3.4422863485016646
indegree,blacklivesmatter,%m-%d-%Y %H,227,0.9987878787878788,2014-02-06 07:00:00 UTC,2014-02-06 07:00:00 UTC,228,18,0.1912381304723147,0.6775804661487237,3.4422863485016646
indegree,blacklivesmatter,%m-%d-%Y %H,227,1.0,2014-02-10 19:00:00 UTC,2014-02-10 19:00:00 UTC,229,18,0.1912381304723147,0.6775804661487237,3.4422863485016646
indegree,blacklivesmatter,%m-%d-%Y %H,228,0.9991919191919192,2014-02-11 18:00:00 UTC,2014-02-11 18:00:00 UTC,230,18,0.1912381304723147,0.6775804661487237,3.4422863485016646
indegree,blacklivesmatter,%m-%d-%Y %H,229,0.9996779388083736,2014-02-14 20:00:00 UTC,2014-02-14 20:00:00 UTC,231,18,0.1912381304723147,0.6775804661487237,3.4422863485016646
indegree,blacklivesmatter,%m-%d-%Y %H,229,1.0,2014-02-16 06:00:00 UTC,2014-02-16 06:00:00 UTC,232,18,0.1912381304723147,0.6775804661487237,3.4422863485016646
indegree,blacklivesmatter,%m-%d-%Y %H,236,0.9972020145495244,2014-02-16 07:00:00 UTC,2014-02-16 07:00:00 UTC,233,18,0.1912381304723147,0.6775804661487237,3.4422863485016646
indegree,blacklivesmatter,%m-%d-%Y %H,250,0.9766088416340235,2014-02-16 08:00:00 UTC,2014-02-16 08:00:00 UTC,234,18,0.1912381304723147,0.6775804661487237,3.4422863485016646
indegree,blacklivesmatter,%m-%d-%Y %H,260,0.9967543368774482,2014-02-16 09:00:00 UTC,2014-02-16 09:00:00 UTC,235,18,0.1912381304723147,0.6775804661487237,3.4422863485016646
indegree,blacklivesmatter,%m-%d-%Y %H,265,0.9943007452871547,2014-02-16 10:00:00 UTC,2014-02-16 10:00:00 UTC,236,18,0.1912381304723147,0.6775804661487237,3.4422863485016646
indegree,blacklivesmatter,%m-%d-%Y %H,265,1.0,2014-02-16 11:00:00 UTC,2014-02-16 11:00:00 UTC,237,18,0.1912381304723147,0.6775804661487237,3.4422863485016646
indegree,blacklivesmatter,%m-%d-%Y %H,266,0.9998969390910027,2014-02-16 12:00:00 UTC,2014-02-16 12:00:00 UTC,238,19,0.2023774753198201,0.6775804661487237,3.8451720310765816
indegree,blacklivesmatter,%m-%d-%Y %H,266,1.0,2014-02-16 13:00:00 UTC,2014-02-16 13:00:00 UTC,239,19,0.2023774753198201,0.6775804661487237,3.8451720310765816
indegree,blacklivesmatter,%m-%d-%Y %H,267,0.9998969390910027,2014-02-16 14:00:00 UTC,2014-02-16 14:00:00 UTC,240,19,0.2023774753198201,0.6775804661487237,3.8451720310765816
indegree,blacklivesmatter,%m-%d-%Y %H,273,0.9737063525452251,2014-02-16 15:00:00 UTC,2014-02-16 15:00:00 UTC,241,19,0.2023774753198201,0.6775804661487237,3.8451720310765816
indegree,blacklivesmatter,%m-%d-%Y %H,275,0.9945377718231475,2014-02-16 16:00:00 UTC,2014-02-16 16:00:00 UTC,242,19,0.2023774753198201,0.6775804661487237,3.8451720310765816
indegree,blacklivesmatter,%m-%d-%Y %H,277,0.9846464646464647,2014-02-16 17:00:00 UTC,2014-02-16 17:00:00 UTC,243,19,0.2023774753198201,0.6775804661487237,3.8451720310765816
indegree,blacklivesmatter,%m-%d-%Y %H,279,0.9986602081830361,2014-02-16 18:00:00 UTC,2014-02-16 18:00:00 UTC,244,19,0.2023774753198201,0.6775804661487237,3.8451720310765816
indegree,blacklivesmatter,%m-%d-%Y %H,281,0.999072451819025,2014-02-16 19:00:00 UTC,2014-02-16 19:00:00 UTC,245,19,0.2023774753198201,0.6775804661487237,3.8451720310765816
indegree,blacklivesmatter,%m-%d-%Y %H,282,0.9998969390910027,2014-02-16 20:00:00 UTC,2014-02-16 20:00:00 UTC,246,19,0.2023774753198201,0.6775804661487237,3.8451720310765816
indegree,blacklivesmatter,%m-%d-%Y %H,285,0.9996779388083736,2014-02-16 21:00:00 UTC,2014-02-16 21:00:00 UTC,247,19,0.2023774753198201,0.6775804661487237,3.8451720310765816
indegree,blacklivesmatter,%m-%d-%Y %H,292,0.9823659932266728,2014-02-16 22:00:00 UTC,2014-02-16 22:00:00 UTC,248,19,0.2023774753198201,0.6775804661487237,3.8451720310765816
indegree,blacklivesmatter,%m-%d-%Y %H,296,0.9791754312158183,2014-02-16 23:00:00 UTC,2014-02-16 23:00:00 UTC,249,19,0.2023774753198201,0.6775804661487237,3.8451720310765816
indegree,blacklivesmatter,%m-%d-%Y %H,304,0.9613878007834359,2014-02-17 00:00:00 UTC,2014-02-17 00:00:00 UTC,250,19,0.2023774753198201,0.6775804661487237,3.8451720310765816
indegree,blacklivesmatter,%m-%d-%Y %H,305,0.9975757575757576,2014-02-17 01:00:00 UTC,2014-02-17 01:00:00 UTC,251,19,0.2023774753198201,0.6775804661487237,3.8451720310765816
indegree,blacklivesmatter,%m-%d-%Y %H,307,0.997979797979798,2014-02-17 02:00:00 UTC,2014-02-17 02:00:00 UTC,252,19,0.2023774753198201,0.6775804661487237,3.8451720310765816
indegree,blacklivesmatter,%m-%d-%Y %H,308,0.9998969390910027,2014-02-17 03:00:00 UTC,2014-02-17 03:00:00 UTC,253,19,0.2023774753198201,0.6775804661487237,3.8451720310765816
indegree,blacklivesmatter,%m-%d-%Y %H,310,0.9997896508203618,2014-02-17 04:00:00 UTC,2014-02-17 04:00:00 UTC,254,19,0.2023774753198201,0.6775804661487237,3.8451720310765816
indegree,blacklivesmatter,%m-%d-%Y %H,312,0.9997896508203618,2014-02-17 05:00:00 UTC,2014-02-17 05:00:00 UTC,255,19,0.2023774753198201,0.6775804661487237,3.8451720310765816
indegree,blacklivesmatter,%m-%d-%Y %H,312,1.0,2014-02-17 06:00:00 UTC,2014-02-17 06:00:00 UTC,256,19,0.2023774753198201,0.6775804661487237,3.8451720310765816
indegree,blacklivesmatter,%m-%d-%Y %H,313,0.9998969390910027,2014-02-17 07:00:00 UTC,2014-02-17 07:00:00 UTC,257,19,0.2023774753198201,0.6775804661487237,3.8451720310765816
indegree,blacklivesmatter,%m-%d-%Y %H,314,0.9923232323232323,2014-02-17 08:00:00 UTC,2014-02-17 08:00:00 UTC,258,19,0.2023774753198201,0.6775804661487237,3.8451720310765816
indegree,blacklivesmatter,%m-%d-%Y %H,314,1.0,2014-02-17 16:00:00 UTC,2014-02-17 16:00:00 UTC,259,19,0.2023774753198201,0.6775804661487237,3.8451720310765816
indegree,blacklivesmatter,%m-%d-%Y %H,314,1.0,2014-02-17 18:00:00 UTC,2014-02-17 18:00:00 UTC,260,19,0.2023774753198201,0.6775804661487237,3.8451720310765816
indegree,blacklivesmatter,%m-%d-%Y %H,315,0.9991919191919192,2014-02-17 19:00:00 UTC,2014-02-17 19:00:00 UTC,261,19,0.2023774753198201,0.6775804661487237,3.8451720310765816
indegree,blacklivesmatter,%m-%d-%Y %H,316,0.9997896508203618,2014-02-17 21:00:00 UTC,2014-02-17 21:00:00 UTC,262,19,0.2023774753198201,0.6775804661487237,3.8451720310765816
indegree,blacklivesmatter,%m-%d-%Y %H,320,0.9997896508203618,2014-02-17 23:00:00 UTC,2014-02-17 23:00:00 UTC,263,19,0.2023774753198201,0.6775804661487237,3.8451720310765816
indegree,blacklivesmatter,%m-%d-%Y %H,320,1.0,2014-02-18 01:00:00 UTC,2014-02-18 01:00:00 UTC,264,19,0.2023774753198201,0.6775804661487237,3.8451720310765816
indegree,blacklivesmatter,%m-%d-%Y %H,321,0.9939393939393939,2014-02-18 02:00:00 UTC,2014-02-18 02:00:00 UTC,265,19,0.2023774753198201,0.6775804661487237,3.8451720310765816
indegree,blacklivesmatter,%m-%d-%Y %H,322,0.9933010409151809,2014-02-18 03:00:00 UTC,2014-02-18 03:00:00 UTC,266,19,0.2023774753198201,0.6775804661487237,3.8451720310765816
indegree,blacklivesmatter,%m-%d-%Y %H,327,0.9664646464646465,2014-02-18 05:00:00 UTC,2014-02-18 05:00:00 UTC,267,19,0.2023774753198201,0.6775804661487237,3.8451720310765816
indegree,blacklivesmatter,%m-%d-%Y %H,328,0.9997896508203618,2014-02-18 06:00:00 UTC,2014-02-18 06:00:00 UTC,268,19,0.2023774753198201,0.6775804661487237,3.8451720310765816
indegree,blacklivesmatter,%m-%d-%Y %H,328,1.0,2014-02-18 07:00:00 UTC,2014-02-18 07:00:00 UTC,269,19,0.2023774753198201,0.6775804661487237,3.8451720310765816
indegree,blacklivesmatter,%m-%d-%Y %H,328,1.0,2014-02-18 09:00:00 UTC,2014-02-18 09:00:00 UTC,270,19,0.2023774753198201,0.6775804661487237,3.8451720310765816
indegree,blacklivesmatter,%m-%d-%Y %H,328,1.0,2014-02-18 18:00:00 UTC,2014-02-18 18:00:00 UTC,271,19,0.2023774753198201,0.6775804661487237,3.8451720310765816
indegree,blacklivesmatter,%m-%d-%Y %H,328,1.0,2014-02-18 21:00:00 UTC,2014-02-18 21:00:00 UTC,272,19,0.2023774753198201,0.6775804661487237,3.8451720310765816
indegree,blacklivesmatter,%m-%d-%Y %H,329,0.9998969390910027,2014-02-18 22:00:00 UTC,2014-02-18 22:00:00 UTC,273,19,0.2023774753198201,0.6775804661487237,3.8451720310765816
indegree,blacklivesmatter,%m-%d-%Y %H,329,1.0,2014-02-19 02:00:00 UTC,2014-02-19 02:00:00 UTC,274,19,0.2023774753198201,0.6775804661487237,3.8451720310765816
indegree,blacklivesmatter,%m-%d-%Y %H,330,0.9991919191919192,2014-02-19 03:00:00 UTC,2014-02-19 03:00:00 UTC,275,19,0.2023774753198201,0.6775804661487237,3.8451720310765816
indegree,blacklivesmatter,%m-%d-%Y %H,330,1.0,2014-02-19 05:00:00 UTC,2014-02-19 05:00:00 UTC,276,19,0.2023774753198201,0.6775804661487237,3.8451720310765816
indegree,blacklivesmatter,%m-%d-%Y %H,330,1.0,2014-02-19 09:00:00 UTC,2014-02-19 09:00:00 UTC,277,19,0.2023774753198201,0.6775804661487237,3.8451720310765816
indegree,blacklivesmatter,%m-%d-%Y %H,330,1.0,2014-02-19 10:00:00 UTC,2014-02-19 10:00:00 UTC,278,19,0.2023774753198201,0.6775804661487237,3.8451720310765816
indegree,blacklivesmatter,%m-%d-%Y %H,330,1.0,2014-02-19 14:00:00 UTC,2014-02-19 14:00:00 UTC,279,19,0.2023774753198201,0.6775804661487237,3.8451720310765816
indegree,blacklivesmatter,%m-%d-%Y %H,331,0.9971717171717172,2014-02-19 15:00:00 UTC,2014-02-19 15:00:00 UTC,280,19,0.2023774753198201,0.6775804661487237,3.8451720310765816
indegree,blacklivesmatter,%m-%d-%Y %H,333,0.9983838383838384,2014-02-19 16:00:00 UTC,2014-02-19 16:00:00 UTC,281,19,0.2023774753198201,0.6775804661487237,3.8451720310765816
indegree,blacklivesmatter,%m-%d-%Y %H,334,0.9998969390910027,2014-02-19 17:00:00 UTC,2014-02-19 17:00:00 UTC,282,19,0.2023774753198201,0.6775804661487237,3.8451720310765816
indegree,blacklivesmatter,%m-%d-%Y %H,335,0.9997896508203618,2014-02-19 19:00:00 UTC,2014-02-19 19:00:00 UTC,283,19,0.2023774753198201,0.6775804661487237,3.8451720310765816
indegree,blacklivesmatter,%m-%d-%Y %H,337,0.9912398227352365,2014-02-19 20:00:00 UTC,2014-02-19 20:00:00 UTC,284,19,0.2023774753198201,0.6775804661487237,3.8451720310765816
indegree,blacklivesmatter,%m-%d-%Y %H,338,0.9996779388083736,2014-02-19 22:00:00 UTC,2014-02-19 22:00:00 UTC,285,19,0.2023774753198201,0.6775804661487237,3.8451720310765816
indegree,blacklivesmatter,%m-%d-%Y %H,338,1.0,2014-02-20 02:00:00 UTC,2014-02-20 02:00:00 UTC,286,19,0.2023774753198201,0.6775804661487237,3.8451720310765816
indegree,blacklivesmatter,%m-%d-%Y %H,338,1.0,2014-02-20 06:00:00 UTC,2014-02-20 06:00:00 UTC,287,19,0.2023774753198201,0.6775804661487237,3.8451720310765816
indegree,blacklivesmatter,%m-%d-%Y %H,339,0.9987878787878788,2014-02-20 08:00:00 UTC,2014-02-20 08:00:00 UTC,288,19,0.2023774753198201,0.6775804661487237,3.8451720310765816
indegree,blacklivesmatter,%m-%d-%Y %H,339,1.0,2014-02-20 13:00:00 UTC,2014-02-20 13:00:00 UTC,289,19,0.2023774753198201,0.6775804661487237,3.8451720310765816
indegree,blacklivesmatter,%m-%d-%Y %H,339,1.0,2014-02-21 01:00:00 UTC,2014-02-21 01:00:00 UTC,290,19,0.2023774753198201,0.6775804661487237,3.8451720310765816
indegree,blacklivesmatter,%m-%d-%Y %H,339,1.0,2014-02-21 02:00:00 UTC,2014-02-21 02:00:00 UTC,291,19,0.2023774753198201,0.6775804661487237,3.8451720310765816
indegree,blacklivesmatter,%m-%d-%Y %H,340,0.9991919191919192,2014-02-21 06:00:00 UTC,2014-02-21 06:00:00 UTC,292,19,0.2023774753198201,0.6775804661487237,3.8451720310765816
indegree,blacklivesmatter,%m-%d-%Y %H,349,0.9743424584004294,2014-02-21 07:00:00 UTC,2014-02-21 07:00:00 UTC,293,19,0.2023774753198201,0.6775804661487237,3.8451720310765816
indegree,blacklivesmatter,%m-%d-%Y %H,364,0.9747500772956817,2014-02-21 08:00:00 UTC,2014-02-21 08:00:00 UTC,294,19,0.2023774753198201,0.6775804661487237,3.8451720310765816
indegree,blacklivesmatter,%m-%d-%Y %H,380,0.975010960105217,2014-02-21 09:00:00 UTC,2014-02-21 09:00:00 UTC,295,19,0.2023774753198201,0.6775804661487237,3.8451720310765816
indegree,blacklivesmatter,%m-%d-%Y %H,384,0.999072451819025,2014-02-21 10:00:00 UTC,2014-02-21 10:00:00 UTC,296,19,0.2023774753198201,0.6775804661487237,3.8451720310765816
indegree,blacklivesmatter,%m-%d-%Y %H,390,0.9963636363636363,2014-02-21 11:00:00 UTC,2014-02-21 11:00:00 UTC,297,19,0.2023774753198201,0.6775804661487237,3.8451720310765816
indegree,blacklivesmatter,%m-%d-%Y %H,392,0.9923232323232323,2014-02-21 13:00:00 UTC,2014-02-21 13:00:00 UTC,298,19,0.2023774753198201,0.6775804661487237,3.8451720310765816
indegree,blacklivesmatter,%m-%d-%Y %H,393,0.9995959595959596,2014-02-21 17:00:00 UTC,2014-02-21 17:00:00 UTC,299,19,0.2023774753198201,0.6775804661487237,3.8451720310765816
indegree,blacklivesmatter,%m-%d-%Y %H,394,0.9995959595959596,2014-02-21 18:00:00 UTC,2014-02-21 18:00:00 UTC,300,19,0.2023774753198201,0.6775804661487237,3.8451720310765816
indegree,blacklivesmatter,%m-%d-%Y %H,398,0.9953837895866882,2014-02-21 23:00:00 UTC,2014-02-21 23:00:00 UTC,301,19,0.2023774753198201,0.6775804661487237,3.8451720310765816
indegree,blacklivesmatter,%m-%d-%Y %H,400,0.9923232323232323,2014-02-22 01:00:00 UTC,2014-02-22 01:00:00 UTC,302,19,0.2023774753198201,0.6775804661487237,3.8451720310765816
indegree,blacklivesmatter,%m-%d-%Y %H,401,0.9983838383838384,2014-02-22 03:00:00 UTC,2014-02-22 03:00:00 UTC,303,19,0.2023774753198201,0.6775804661487237,3.8451720310765816
indegree,blacklivesmatter,%m-%d-%Y %H,403,0.9983838383838384,2014-02-22 04:00:00 UTC,2014-02-22 04:00:00 UTC,304,19,0.2023774753198201,0.6775804661487237,3.8451720310765816
indegree,blacklivesmatter,%m-%d-%Y %H,403,1.0,2014-02-22 05:00:00 UTC,2014-02-22 05:00:00 UTC,305,19,0.2023774753198201,0.6775804661487237,3.8451720310765816
indegree,blacklivesmatter,%m-%d-%Y %H,404,0.9967676767676767,2014-02-22 20:00:00 UTC,2014-02-22 20:00:00 UTC,306,19,0.2023774753198201,0.6775804661487237,3.8451720310765816
indegree,blacklivesmatter,%m-%d-%Y %H,404,1.0,2014-02-22 21:00:00 UTC,2014-02-22 21:00:00 UTC,307,19,0.2023774753198201,0.6775804661487237,3.8451720310765816
indegree,blacklivesmatter,%m-%d-%Y %H,405,0.9991919191919192,2014-02-23 19:00:00 UTC,2014-02-23 19:00:00 UTC,308,19,0.2023774753198201,0.6775804661487237,3.8451720310765816
indegree,blacklivesmatter,%m-%d-%Y %H,405,1.0,2014-02-23 21:00:00 UTC,2014-02-23 21:00:00 UTC,309,19,0.2023774753198201,0.6775804661487237,3.8451720310765816
indegree,blacklivesmatter,%m-%d-%Y %H,406,1.0,2014-02-24 00:00:00 UTC,2014-02-24 00:00:00 UTC,310,19,0.2023774753198201,0.6775804661487237,3.8451720310765816
indegree,blacklivesmatter,%m-%d-%Y %H,406,1.0,2014-02-24 01:00:00 UTC,2014-02-24 01:00:00 UTC,311,19,0.2023774753198201,0.6775804661487237,3.8451720310765816
indegree,blacklivesmatter,%m-%d-%Y %H,407,1.0,2014-02-24 06:00:00 UTC,2014-02-24 06:00:00 UTC,312,19,0.2023774753198201,0.6775804661487237,3.8451720310765816
indegree,blacklivesmatter,%m-%d-%Y %H,408,0.9987878787878788,2014-02-24 19:00:00 UTC,2014-02-24 19:00:00 UTC,313,19,0.2023774753198201,0.6775804661487237,3.8451720310765816
indegree,blacklivesmatter,%m-%d-%Y %H,408,1.0,2014-02-24 21:00:00 UTC,2014-02-24 21:00:00 UTC,314,19,0.2023774753198201,0.6775804661487237,3.8451720310765816
indegree,blacklivesmatter,%m-%d-%Y %H,411,0.9953622590951252,2014-02-24 22:00:00 UTC,2014-02-24 22:00:00 UTC,315,19,0.2023774753198201,0.6775804661487237,3.8451720310765816
indegree,blacklivesmatter,%m-%d-%Y %H,412,0.9998969390910027,2014-02-25 17:00:00 UTC,2014-02-25 17:00:00 UTC,316,19,0.2023774753198201,0.6775804661487237,3.8451720310765816
indegree,blacklivesmatter,%m-%d-%Y %H,413,0.9919191919191919,2014-02-25 21:00:00 UTC,2014-02-25 21:00:00 UTC,317,19,0.2023774753198201,0.6775804661487237,3.8451720310765816
indegree,blacklivesmatter,%m-%d-%Y %H,413,1.0,2014-02-25 22:00:00 UTC,2014-02-25 22:00:00 UTC,318,19,0.2023774753198201,0.6775804661487237,3.8451720310765816
indegree,blacklivesmatter,%m-%d-%Y %H,415,0.9818181818181818,2014-02-26 04:00:00 UTC,2014-02-26 04:00:00 UTC,319,19,0.2023774753198201,0.6775804661487237,3.8451720310765816
indegree,blacklivesmatter,%m-%d-%Y %H,416,1.0,2014-02-26 07:00:00 UTC,2014-02-26 07:00:00 UTC,320,19,0.2023774753198201,0.6775804661487237,3.8451720310765816
indegree,blacklivesmatter,%m-%d-%Y %H,416,1.0,2014-02-26 08:00:00 UTC,2014-02-26 08:00:00 UTC,321,19,0.2023774753198201,0.6775804661487237,3.8451720310765816
indegree,blacklivesmatter,%m-%d-%Y %H,417,0.9991919191919192,2014-02-26 17:00:00 UTC,2014-02-26 17:00:00 UTC,322,19,0.2023774753198201,0.6775804661487237,3.8451720310765816
indegree,blacklivesmatter,%m-%d-%Y %H,418,1.0,2014-02-26 18:00:00 UTC,2014-02-26 18:00:00 UTC,323,19,0.2023774753198201,0.6775804661487237,3.8451720310765816
indegree,blacklivesmatter,%m-%d-%Y %H,420,0.9983838383838384,2014-02-26 19:00:00 UTC,2014-02-26 19:00:00 UTC,324,19,0.2023774753198201,0.6775804661487237,3.8451720310765816
indegree,blacklivesmatter,%m-%d-%Y %H,421,1.0,2014-02-26 20:00:00 UTC,2014-02-26 20:00:00 UTC,325,19,0.2023774753198201,0.6775804661487237,3.8451720310765816
indegree,blacklivesmatter,%m-%d-%Y %H,423,0.9986602081830361,2014-02-26 21:00:00 UTC,2014-02-26 21:00:00 UTC,326,19,0.2023774753198201,0.6775804661487237,3.8451720310765816
indegree,blacklivesmatter,%m-%d-%Y %H,442,0.9982479645470473,2014-02-26 22:00:00 UTC,2014-02-26 22:00:00 UTC,327,19,0.2023774753198201,0.6775804661487237,3.8451720310765816
indegree,blacklivesmatter,%m-%d-%Y %H,443,1.0,2014-02-26 23:00:00 UTC,2014-02-26 23:00:00 UTC,328,19,0.2023774753198201,0.6775804661487237,3.8451720310765816
indegree,blacklivesmatter,%m-%d-%Y %H,448,0.9927272727272727,2014-02-27 00:00:00 UTC,2014-02-27 00:00:00 UTC,329,19,0.2023774753198201,0.6775804661487237,3.8451720310765816
indegree,blacklivesmatter,%m-%d-%Y %H,449,0.9998969390910027,2014-02-27 01:00:00 UTC,2014-02-27 01:00:00 UTC,330,19,0.2023774753198201,0.6775804661487237,3.8451720310765816
indegree,blacklivesmatter,%m-%d-%Y %H,449,1.0,2014-02-27 02:00:00 UTC,2014-02-27 02:00:00 UTC,331,19,0.2023774753198201,0.6775804661487237,3.8451720310765816
indegree,blacklivesmatter,%m-%d-%Y %H,450,1.0,2014-02-27 03:00:00 UTC,2014-02-27 03:00:00 UTC,332,19,0.2023774753198201,0.6775804661487237,3.8451720310765816
indegree,blacklivesmatter,%m-%d-%Y %H,451,0.9998969390910027,2014-02-27 04:00:00 UTC,2014-02-27 04:00:00 UTC,333,19,0.2023774753198201,0.6775804661487237,3.8451720310765816
indegree,blacklivesmatter,%m-%d-%Y %H,452,1.0,2014-02-27 05:00:00 UTC,2014-02-27 05:00:00 UTC,334,19,0.2023774753198201,0.6775804661487237,3.8451720310765816
indegree,blacklivesmatter,%m-%d-%Y %H,452,1.0,2014-02-27 06:00:00 UTC,2014-02-27 06:00:00 UTC,335,19,0.2023774753198201,0.6775804661487237,3.8451720310765816
indegree,blacklivesmatter,%m-%d-%Y %H,453,1.0,2014-02-27 07:00:00 UTC,2014-02-27 07:00:00 UTC,336,19,0.2023774753198201,0.6775804661487237,3.8451720310765816
indegree,blacklivesmatter,%m-%d-%Y %H,455,1.0,2014-02-27 10:00:00 UTC,2014-02-27 10:00:00 UTC,337,19,0.2023774753198201,0.6775804661487237,3.8451720310765816
indegree,blacklivesmatter,%m-%d-%Y %H,456,0.998948254101809,2014-02-27 18:00:00 UTC,2014-02-27 18:00:00 UTC,338,19,0.2023774753198201,0.6775804661487237,3.8451720310765816
indegree,blacklivesmatter,%m-%d-%Y %H,457,0.9996779388083736,2014-02-27 20:00:00 UTC,2014-02-27 20:00:00 UTC,339,19,0.2023774753198201,0.6775804661487237,3.8451720310765816
indegree,blacklivesmatter,%m-%d-%Y %H,460,0.9967676767676767,2014-02-28 01:00:00 UTC,2014-02-28 01:00:00 UTC,340,19,0.2023774753198201,0.6775804661487237,3.8451720310765816
indegree,blacklivesmatter,%m-%d-%Y %H,460,1.0,2014-02-28 08:00:00 UTC,2014-02-28 08:00:00 UTC,341,19,0.2023774753198201,0.6775804661487237,3.8451720310765816
indegree,blacklivesmatter,%m-%d-%Y %H,461,0.9995959595959596,2014-02-28 10:00:00 UTC,2014-02-28 10:00:00 UTC,342,19,0.2023774753198201,0.6775804661487237,3.8451720310765816
indegree,blacklivesmatter,%m-%d-%Y %H,461,1.0,2014-02-28 22:00:00 UTC,2014-02-28 22:00:00 UTC,343,19,0.2023774753198201,0.6775804661487237,3.8451720310765816
indegree,blacklivesmatter,%m-%d-%Y %H,462,1.0,2014-03-01 01:00:00 UTC,2014-03-01 01:00:00 UTC,344,19,0.2023774753198201,0.6775804661487237,3.8451720310765816
indegree,blacklivesmatter,%m-%d-%Y %H,462,1.0,2014-03-01 06:00:00 UTC,2014-03-01 06:00:00 UTC,345,19,0.2023774753198201,0.6775804661487237,3.8451720310765816
indegree,blacklivesmatter,%m-%d-%Y %H,462,1.0,2014-03-01 18:00:00 UTC,2014-03-01 18:00:00 UTC,346,19,0.2023774753198201,0.6775804661487237,3.8451720310765816
indegree,blacklivesmatter,%m-%d-%Y %H,463,0.9995959595959596,2014-03-02 14:00:00 UTC,2014-03-02 14:00:00 UTC,347,19,0.2023774753198201,0.6775804661487237,3.8451720310765816
indegree,blacklivesmatter,%m-%d-%Y %H,463,1.0,2014-03-02 17:00:00 UTC,2014-03-02 17:00:00 UTC,348,19,0.2023774753198201,0.6775804661487237,3.8451720310765816
indegree,blacklivesmatter,%m-%d-%Y %H,463,1.0,2014-03-02 20:00:00 UTC,2014-03-02 20:00:00 UTC,349,19,0.2023774753198201,0.6775804661487237,3.8451720310765816
indegree,blacklivesmatter,%m-%d-%Y %H,463,1.0,2014-03-02 21:00:00 UTC,2014-03-02 21:00:00 UTC,350,19,0.2023774753198201,0.6775804661487237,3.8451720310765816
indegree,blacklivesmatter,%m-%d-%Y %H,465,0.999072451819025,2014-03-03 08:00:00 UTC,2014-03-03 08:00:00 UTC,351,19,0.2023774753198201,0.6775804661487237,3.8451720310765816
indegree,blacklivesmatter,%m-%d-%Y %H,465,1.0,2014-03-03 19:00:00 UTC,2014-03-03 19:00:00 UTC,352,19,0.2023774753198201,0.6775804661487237,3.8451720310765816
indegree,blacklivesmatter,%m-%d-%Y %H,465,1.0,2014-03-05 06:00:00 UTC,2014-03-05 06:00:00 UTC,353,19,0.2023774753198201,0.6775804661487237,3.8451720310765816
indegree,blacklivesmatter,%m-%d-%Y %H,465,1.0,2014-03-05 20:00:00 UTC,2014-03-05 20:00:00 UTC,354,19,0.2023774753198201,0.6775804661487237,3.8451720310765816
indegree,blacklivesmatter,%m-%d-%Y %H,465,1.0,2014-03-06 20:00:00 UTC,2014-03-06 20:00:00 UTC,355,19,0.2023774753198201,0.6775804661487237,3.8451720310765816
indegree,blacklivesmatter,%m-%d-%Y %H,466,0.9987878787878788,2014-03-06 21:00:00 UTC,2014-03-06 21:00:00 UTC,356,19,0.2023774753198201,0.6775804661487237,3.8451720310765816
indegree,blacklivesmatter,%m-%d-%Y %H,467,1.0,2014-03-07 05:00:00 UTC,2014-03-07 05:00:00 UTC,357,19,0.2023774753198201,0.6775804661487237,3.8451720310765816
indegree,blacklivesmatter,%m-%d-%Y %H,468,1.0,2014-03-09 04:00:00 UTC,2014-03-09 04:00:00 UTC,358,19,0.2023774753198201,0.6775804661487237,3.8451720310765816
indegree,blacklivesmatter,%m-%d-%Y %H,470,0.9998969390910027,2014-03-09 20:00:00 UTC,2014-03-09 20:00:00 UTC,359,19,0.2023774753198201,0.6775804661487237,3.8451720310765816
indegree,blacklivesmatter,%m-%d-%Y %H,471,0.9919191919191919,2014-03-10 04:00:00 UTC,2014-03-10 04:00:00 UTC,360,19,0.2023774753198201,0.6775804661487237,3.8451720310765816
indegree,blacklivesmatter,%m-%d-%Y %H,471,1.0,2014-03-10 18:00:00 UTC,2014-03-10 18:00:00 UTC,361,19,0.2023774753198201,0.6775804661487237,3.8451720310765816
indegree,blacklivesmatter,%m-%d-%Y %H,471,1.0,2014-03-11 20:00:00 UTC,2014-03-11 20:00:00 UTC,362,19,0.2023774753198201,0.6775804661487237,3.8451720310765816
indegree,blacklivesmatter,%m-%d-%Y %H,471,1.0,2014-03-12 07:00:00 UTC,2014-03-12 07:00:00 UTC,363,19,0.2023774753198201,0.6775804661487237,3.8451720310765816
indegree,blacklivesmatter,%m-%d-%Y %H,472,0.9995959595959596,2014-03-12 08:00:00 UTC,2014-03-12 08:00:00 UTC,364,19,0.2023774753198201,0.6775804661487237,3.8451720310765816
indegree,blacklivesmatter,%m-%d-%Y %H,473,0.999484695455014,2014-03-12 17:00:00 UTC,2014-03-12 17:00:00 UTC,365,19,0.2023774753198201,0.6775804661487237,3.8451720310765816
indegree,blacklivesmatter,%m-%d-%Y %H,473,1.0,2014-03-14 17:00:00 UTC,2014-03-14 17:00:00 UTC,366,19,0.2023774753198201,0.6775804661487237,3.8451720310765816
indegree,blacklivesmatter,%m-%d-%Y %H,474,0.9991919191919192,2014-03-15 22:00:00 UTC,2014-03-15 22:00:00 UTC,367,19,0.2023774753198201,0.6775804661487237,3.8451720310765816
indegree,blacklivesmatter,%m-%d-%Y %H,474,1.0,2014-03-16 09:00:00 UTC,2014-03-16 09:00:00 UTC,368,19,0.2023774753198201,0.6775804661487237,3.8451720310765816
indegree,blacklivesmatter,%m-%d-%Y %H,474,1.0,2014-03-16 10:00:00 UTC,2014-03-16 10:00:00 UTC,369,19,0.2023774753198201,0.6775804661487237,3.8451720310765816
indegree,blacklivesmatter,%m-%d-%Y %H,475,1.0,2014-03-18 20:00:00 UTC,2014-03-18 20:00:00 UTC,370,19,0.2023774753198201,0.6775804661487237,3.8451720310765816
indegree,blacklivesmatter,%m-%d-%Y %H,476,0.9998969390910027,2014-03-18 22:00:00 UTC,2014-03-18 22:00:00 UTC,371,19,0.2023774753198201,0.6775804661487237,3.8451720310765816
indegree,blacklivesmatter,%m-%d-%Y %H,476,1.0,2014-03-19 05:00:00 UTC,2014-03-19 05:00:00 UTC,372,19,0.2023774753198201,0.6775804661487237,3.8451720310765816
indegree,blacklivesmatter,%m-%d-%Y %H,476,1.0,2014-03-20 04:00:00 UTC,2014-03-20 04:00:00 UTC,373,19,0.2023774753198201,0.6775804661487237,3.8451720310765816
indegree,blacklivesmatter,%m-%d-%Y %H,477,1.0,2014-03-20 06:00:00 UTC,2014-03-20 06:00:00 UTC,374,19,0.2023774753198201,0.6775804661487237,3.8451720310765816
indegree,blacklivesmatter,%m-%d-%Y %H,477,1.0,2014-03-22 19:00:00 UTC,2014-03-22 19:00:00 UTC,375,19,0.2023774753198201,0.6775804661487237,3.8451720310765816
indegree,blacklivesmatter,%m-%d-%Y %H,478,0.9998969390910027,2014-03-22 20:00:00 UTC,2014-03-22 20:00:00 UTC,376,19,0.2023774753198201,0.6775804661487237,3.8451720310765816
indegree,blacklivesmatter,%m-%d-%Y %H,479,0.9854545454545455,2014-03-22 23:00:00 UTC,2014-03-22 23:00:00 UTC,377,19,0.2023774753198201,0.6775804661487237,3.8451720310765816
indegree,blacklivesmatter,%m-%d-%Y %H,479,1.0,2014-03-27 21:00:00 UTC,2014-03-27 21:00:00 UTC,378,19,0.2023774753198201,0.6775804661487237,3.8451720310765816
indegree,blacklivesmatter,%m-%d-%Y %H,479,1.0,2014-03-28 08:00:00 UTC,2014-03-28 08:00:00 UTC,379,19,0.2023774753198201,0.6775804661487237,3.8451720310765816
indegree,blacklivesmatter,%m-%d-%Y %H,480,1.0,2014-03-29 23:00:00 UTC,2014-03-29 23:00:00 UTC,380,19,0.2023774753198201,0.6775804661487237,3.8451720310765816
indegree,blacklivesmatter,%m-%d-%Y %H,480,1.0,2014-04-02 17:00:00 UTC,2014-04-02 17:00:00 UTC,381,19,0.2023774753198201,0.6775804661487237,3.8451720310765816
indegree,blacklivesmatter,%m-%d-%Y %H,480,1.0,2014-04-03 22:00:00 UTC,2014-04-03 22:00:00 UTC,382,19,0.2023774753198201,0.6775804661487237,3.8451720310765816
indegree,blacklivesmatter,%m-%d-%Y %H,481,0.9983838383838384,2014-04-11 16:00:00 UTC,2014-04-11 16:00:00 UTC,383,19,0.2023774753198201,0.6775804661487237,3.8451720310765816
indegree,blacklivesmatter,%m-%d-%Y %H,482,0.9995959595959596,2014-04-11 18:00:00 UTC,2014-04-11 18:00:00 UTC,384,19,0.2023774753198201,0.6775804661487237,3.8451720310765816
indegree,blacklivesmatter,%m-%d-%Y %H,482,1.0,2014-04-12 03:00:00 UTC,2014-04-12 03:00:00 UTC,385,19,0.2023774753198201,0.6775804661487237,3.8451720310765816
indegree,blacklivesmatter,%m-%d-%Y %H,482,1.0,2014-04-15 18:00:00 UTC,2014-04-15 18:00:00 UTC,386,19,0.2023774753198201,0.6775804661487237,3.8451720310765816
indegree,blacklivesmatter,%m-%d-%Y %H,482,1.0,2014-04-25 01:00:00 UTC,2014-04-25 01:00:00 UTC,387,19,0.2023774753198201,0.6775804661487237,3.8451720310765816
indegree,blacklivesmatter,%m-%d-%Y %H,482,1.0,2014-04-26 07:00:00 UTC,2014-04-26 07:00:00 UTC,388,19,0.2023774753198201,0.6775804661487237,3.8451720310765816
indegree,blacklivesmatter,%m-%d-%Y %H,482,1.0,2014-04-30 02:00:00 UTC,2014-04-30 02:00:00 UTC,389,19,0.2023774753198201,0.6775804661487237,3.8451720310765816
indegree,blacklivesmatter,%m-%d-%Y %H,482,1.0,2014-04-30 18:00:00 UTC,2014-04-30 18:00:00 UTC,390,19,0.2023774753198201,0.6775804661487237,3.8451720310765816
indegree,blacklivesmatter,%m-%d-%Y %H,482,1.0,2014-05-04 23:00:00 UTC,2014-05-04 23:00:00 UTC,391,19,0.2023774753198201,0.6775804661487237,3.8451720310765816
indegree,blacklivesmatter,%m-%d-%Y %H,482,1.0,2014-05-06 22:00:00 UTC,2014-05-06 22:00:00 UTC,392,19,0.2023774753198201,0.6775804661487237,3.8451720310765816
indegree,blacklivesmatter,%m-%d-%Y %H,482,1.0,2014-05-09 18:00:00 UTC,2014-05-09 18:00:00 UTC,393,19,0.2023774753198201,0.6775804661487237,3.8451720310765816
indegree,blacklivesmatter,%m-%d-%Y %H,483,0.9987878787878788,2014-05-13 19:00:00 UTC,2014-05-13 19:00:00 UTC,394,19,0.2023774753198201,0.6775804661487237,3.8451720310765816
indegree,blacklivesmatter,%m-%d-%Y %H,484,0.9993689524610854,2014-05-14 04:00:00 UTC,2014-05-14 04:00:00 UTC,395,19,0.2023774753198201,0.6775804661487237,3.8451720310765816
indegree,blacklivesmatter,%m-%d-%Y %H,485,1.0,2014-05-14 07:00:00 UTC,2014-05-14 07:00:00 UTC,396,19,0.2023774753198201,0.6775804661487237,3.8451720310765816
