statistic,hashtag,strftime_template,n,tau,end_time,index,article_count,alexa_mean,alexa_max,alexa_sum
indegree,ericgarner,%m-%d-%Y %H,,1.0,2014-07-18 17:00:00 UTC,2014-07-18 17:00:00 UTC,1,4,0.7327968923418424,0.9988901220865705,2.9311875693673697
indegree,ericgarner,%m-%d-%Y %H,,1.0,2014-07-18 21:00:00 UTC,2014-07-18 21:00:00 UTC,2,4,0.7327968923418424,0.9988901220865705,2.9311875693673697
indegree,ericgarner,%m-%d-%Y %H,4,0.7071067811865475,2014-07-18 22:00:00 UTC,2014-07-18 22:00:00 UTC,3,4,0.7327968923418424,0.9988901220865705,2.9311875693673697
indegree,ericgarner,%m-%d-%Y %H,9,0.816496580927726,2014-07-18 23:00:00 UTC,2014-07-18 23:00:00 UTC,4,4,0.7327968923418424,0.9988901220865705,2.9311875693673697
indegree,ericgarner,%m-%d-%Y %H,18,0.5396407334626633,2014-07-19 00:00:00 UTC,2014-07-19 00:00:00 UTC,5,4,0.7327968923418424,0.9988901220865705,2.9311875693673697
indegree,ericgarner,%m-%d-%Y %H,67,0.7026705383399495,2014-07-19 01:00:00 UTC,2014-07-19 01:00:00 UTC,6,4,0.7327968923418424,0.9988901220865705,2.9311875693673697
indegree,ericgarner,%m-%d-%Y %H,103,0.6494301729908927,2014-07-19 02:00:00 UTC,2014-07-19 02:00:00 UTC,7,4,0.7327968923418424,0.9988901220865705,2.9311875693673697
indegree,ericgarner,%m-%d-%Y %H,131,0.7226474317020942,2014-07-19 03:00:00 UTC,2014-07-19 03:00:00 UTC,8,4,0.7327968923418424,0.9988901220865705,2.9311875693673697
indegree,ericgarner,%m-%d-%Y %H,148,0.829688566143966,2014-07-19 04:00:00 UTC,2014-07-19 04:00:00 UTC,9,4,0.7327968923418424,0.9988901220865705,2.9311875693673697
indegree,ericgarner,%m-%d-%Y %H,162,0.7701000746363019,2014-07-19 05:00:00 UTC,2014-07-19 05:00:00 UTC,10,4,0.7327968923418424,0.9988901220865705,2.9311875693673697
indegree,ericgarner,%m-%d-%Y %H,176,0.8268592687418462,2014-07-19 06:00:00 UTC,2014-07-19 06:00:00 UTC,11,4,0.7327968923418424,0.9988901220865705,2.9311875693673697
indegree,ericgarner,%m-%d-%Y %H,190,0.8629060333351485,2014-07-19 07:00:00 UTC,2014-07-19 07:00:00 UTC,12,4,0.7327968923418424,0.9988901220865705,2.9311875693673697
indegree,ericgarner,%m-%d-%Y %H,212,0.8511106701195926,2014-07-19 08:00:00 UTC,2014-07-19 08:00:00 UTC,13,4,0.7327968923418424,0.9988901220865705,2.9311875693673697
indegree,ericgarner,%m-%d-%Y %H,229,0.883871322640414,2014-07-19 09:00:00 UTC,2014-07-19 09:00:00 UTC,14,4,0.7327968923418424,0.9988901220865705,2.9311875693673697
indegree,ericgarner,%m-%d-%Y %H,243,0.8704524373904978,2014-07-19 10:00:00 UTC,2014-07-19 10:00:00 UTC,15,4,0.7327968923418424,0.9988901220865705,2.9311875693673697
indegree,ericgarner,%m-%d-%Y %H,251,0.8690909090909091,2014-07-19 11:00:00 UTC,2014-07-19 11:00:00 UTC,16,4,0.7327968923418424,0.9988901220865705,2.9311875693673697
indegree,ericgarner,%m-%d-%Y %H,255,0.8894156446459858,2014-07-19 12:00:00 UTC,2014-07-19 12:00:00 UTC,17,4,0.7327968923418424,0.9988901220865705,2.9311875693673697
indegree,ericgarner,%m-%d-%Y %H,261,0.9312158182583088,2014-07-19 13:00:00 UTC,2014-07-19 13:00:00 UTC,18,4,0.7327968923418424,0.9988901220865705,2.9311875693673697
indegree,ericgarner,%m-%d-%Y %H,264,0.9866666666666667,2014-07-19 14:00:00 UTC,2014-07-19 14:00:00 UTC,19,4,0.7327968923418424,0.9988901220865705,2.9311875693673697
indegree,ericgarner,%m-%d-%Y %H,267,0.8933529659234329,2014-07-19 15:00:00 UTC,2014-07-19 15:00:00 UTC,20,4,0.7327968923418424,0.9988901220865705,2.9311875693673697
indegree,ericgarner,%m-%d-%Y %H,270,0.9050505050505051,2014-07-19 16:00:00 UTC,2014-07-19 16:00:00 UTC,21,4,0.7327968923418424,0.9988901220865705,2.9311875693673697
indegree,ericgarner,%m-%d-%Y %H,279,0.8782850664742863,2014-07-19 17:00:00 UTC,2014-07-19 17:00:00 UTC,22,4,0.7327968923418424,0.9988901220865705,2.9311875693673697
indegree,ericgarner,%m-%d-%Y %H,292,0.811924594476107,2014-07-19 18:00:00 UTC,2014-07-19 18:00:00 UTC,23,4,0.7327968923418424,0.9988901220865705,2.9311875693673697
indegree,ericgarner,%m-%d-%Y %H,318,0.7324189526184539,2014-07-19 19:00:00 UTC,2014-07-19 19:00:00 UTC,24,4,0.7327968923418424,0.9988901220865705,2.9311875693673697
indegree,ericgarner,%m-%d-%Y %H,344,0.857835012112712,2014-07-19 20:00:00 UTC,2014-07-19 20:00:00 UTC,25,4,0.7327968923418424,0.9988901220865705,2.9311875693673697
indegree,ericgarner,%m-%d-%Y %H,361,0.8797865243495664,2014-07-19 21:00:00 UTC,2014-07-19 21:00:00 UTC,26,4,0.7327968923418424,0.9988901220865705,2.9311875693673697
indegree,ericgarner,%m-%d-%Y %H,381,0.8464011180992314,2014-07-19 22:00:00 UTC,2014-07-19 22:00:00 UTC,27,4,0.7327968923418424,0.9988901220865705,2.9311875693673697
indegree,ericgarner,%m-%d-%Y %H,393,0.8784991939029753,2014-07-19 23:00:00 UTC,2014-07-19 23:00:00 UTC,28,4,0.7327968923418424,0.9988901220865705,2.9311875693673697
indegree,ericgarner,%m-%d-%Y %H,413,0.8859167809785093,2014-07-20 00:00:00 UTC,2014-07-20 00:00:00 UTC,29,4,0.7327968923418424,0.9988901220865705,2.9311875693673697
indegree,ericgarner,%m-%d-%Y %H,429,0.9180184129767646,2014-07-20 01:00:00 UTC,2014-07-20 01:00:00 UTC,30,4,0.7327968923418424,0.9988901220865705,2.9311875693673697
indegree,ericgarner,%m-%d-%Y %H,453,0.8237491661107404,2014-07-20 02:00:00 UTC,2014-07-20 02:00:00 UTC,31,4,0.7327968923418424,0.9988901220865705,2.9311875693673697
indegree,ericgarner,%m-%d-%Y %H,468,0.8646894236149972,2014-07-20 03:00:00 UTC,2014-07-20 03:00:00 UTC,32,4,0.7327968923418424,0.9988901220865705,2.9311875693673697
indegree,ericgarner,%m-%d-%Y %H,491,0.8665187434310405,2014-07-20 04:00:00 UTC,2014-07-20 04:00:00 UTC,33,4,0.7327968923418424,0.9988901220865705,2.9311875693673697
indegree,ericgarner,%m-%d-%Y %H,533,0.8639689071787837,2014-07-20 05:00:00 UTC,2014-07-20 05:00:00 UTC,34,4,0.7327968923418424,0.9988901220865705,2.9311875693673697
indegree,ericgarner,%m-%d-%Y %H,549,0.897914379802415,2014-07-20 06:00:00 UTC,2014-07-20 06:00:00 UTC,35,4,0.7327968923418424,0.9988901220865705,2.9311875693673697
indegree,ericgarner,%m-%d-%Y %H,581,0.8596658711217183,2014-07-20 07:00:00 UTC,2014-07-20 07:00:00 UTC,36,4,0.7327968923418424,0.9988901220865705,2.9311875693673697
indegree,ericgarner,%m-%d-%Y %H,598,0.8735256335396473,2014-07-20 08:00:00 UTC,2014-07-20 08:00:00 UTC,37,4,0.7327968923418424,0.9988901220865705,2.9311875693673697
indegree,ericgarner,%m-%d-%Y %H,611,0.8674181427804616,2014-07-20 09:00:00 UTC,2014-07-20 09:00:00 UTC,38,4,0.7327968923418424,0.9988901220865705,2.9311875693673697
indegree,ericgarner,%m-%d-%Y %H,626,0.8925909688733011,2014-07-20 10:00:00 UTC,2014-07-20 10:00:00 UTC,39,4,0.7327968923418424,0.9988901220865705,2.9311875693673697
indegree,ericgarner,%m-%d-%Y %H,696,0.8936124530327428,2014-07-20 11:00:00 UTC,2014-07-20 11:00:00 UTC,40,4,0.7327968923418424,0.9988901220865705,2.9311875693673697
indegree,ericgarner,%m-%d-%Y %H,726,0.9793939393939394,2014-07-20 12:00:00 UTC,2014-07-20 12:00:00 UTC,41,4,0.7327968923418424,0.9988901220865705,2.9311875693673697
indegree,ericgarner,%m-%d-%Y %H,741,0.9442424242424242,2014-07-20 13:00:00 UTC,2014-07-20 13:00:00 UTC,42,4,0.7327968923418424,0.9988901220865705,2.9311875693673697
indegree,ericgarner,%m-%d-%Y %H,756,0.9529011645882717,2014-07-20 14:00:00 UTC,2014-07-20 14:00:00 UTC,43,4,0.7327968923418424,0.9988901220865705,2.9311875693673697
indegree,ericgarner,%m-%d-%Y %H,770,0.8832319901061527,2014-07-20 15:00:00 UTC,2014-07-20 15:00:00 UTC,44,4,0.7327968923418424,0.9988901220865705,2.9311875693673697
indegree,ericgarner,%m-%d-%Y %H,783,0.8617953210347316,2014-07-20 16:00:00 UTC,2014-07-20 16:00:00 UTC,45,4,0.7327968923418424,0.9988901220865705,2.9311875693673697
indegree,ericgarner,%m-%d-%Y %H,793,0.8689524610854018,2014-07-20 17:00:00 UTC,2014-07-20 17:00:00 UTC,46,4,0.7327968923418424,0.9988901220865705,2.9311875693673697
indegree,ericgarner,%m-%d-%Y %H,807,0.8893183038110575,2014-07-20 18:00:00 UTC,2014-07-20 18:00:00 UTC,47,4,0.7327968923418424,0.9988901220865705,2.9311875693673697
indegree,ericgarner,%m-%d-%Y %H,818,0.8830442081701175,2014-07-20 19:00:00 UTC,2014-07-20 19:00:00 UTC,48,4,0.7327968923418424,0.9988901220865705,2.9311875693673697
indegree,ericgarner,%m-%d-%Y %H,831,0.9380429812528578,2014-07-20 20:00:00 UTC,2014-07-20 20:00:00 UTC,49,4,0.7327968923418424,0.9988901220865705,2.9311875693673697
indegree,ericgarner,%m-%d-%Y %H,841,0.9679012345679012,2014-07-20 21:00:00 UTC,2014-07-20 21:00:00 UTC,50,4,0.7327968923418424,0.9988901220865705,2.9311875693673697
indegree,ericgarner,%m-%d-%Y %H,850,0.8571762232862314,2014-07-20 22:00:00 UTC,2014-07-20 22:00:00 UTC,51,4,0.7327968923418424,0.9988901220865705,2.9311875693673697
indegree,ericgarner,%m-%d-%Y %H,867,0.881159420289855,2014-07-20 23:00:00 UTC,2014-07-20 23:00:00 UTC,52,4,0.7327968923418424,0.9988901220865705,2.9311875693673697
indegree,ericgarner,%m-%d-%Y %H,882,0.8740648379052369,2014-07-21 00:00:00 UTC,2014-07-21 00:00:00 UTC,53,4,0.7327968923418424,0.9988901220865705,2.9311875693673697
indegree,ericgarner,%m-%d-%Y %H,897,0.8767955155903305,2014-07-21 01:00:00 UTC,2014-07-21 01:00:00 UTC,54,4,0.7327968923418424,0.9988901220865705,2.9311875693673697
indegree,ericgarner,%m-%d-%Y %H,911,0.866444296197465,2014-07-21 02:00:00 UTC,2014-07-21 02:00:00 UTC,55,4,0.7327968923418424,0.9988901220865705,2.9311875693673697
indegree,ericgarner,%m-%d-%Y %H,921,0.8959629223075984,2014-07-21 03:00:00 UTC,2014-07-21 03:00:00 UTC,56,4,0.7327968923418424,0.9988901220865705,2.9311875693673697
indegree,ericgarner,%m-%d-%Y %H,934,0.8886449567020368,2014-07-21 04:00:00 UTC,2014-07-21 04:00:00 UTC,57,4,0.7327968923418424,0.9988901220865705,2.9311875693673697
indegree,ericgarner,%m-%d-%Y %H,948,0.8745635910224439,2014-07-21 05:00:00 UTC,2014-07-21 05:00:00 UTC,58,4,0.7327968923418424,0.9988901220865705,2.9311875693673697
indegree,ericgarner,%m-%d-%Y %H,952,0.961558280944038,2014-07-21 06:00:00 UTC,2014-07-21 06:00:00 UTC,59,4,0.7327968923418424,0.9988901220865705,2.9311875693673697
indegree,ericgarner,%m-%d-%Y %H,957,0.8949880668257757,2014-07-21 07:00:00 UTC,2014-07-21 07:00:00 UTC,60,4,0.7327968923418424,0.9988901220865705,2.9311875693673697
indegree,ericgarner,%m-%d-%Y %H,968,0.893523600439078,2014-07-21 08:00:00 UTC,2014-07-21 08:00:00 UTC,61,4,0.7327968923418424,0.9988901220865705,2.9311875693673697
indegree,ericgarner,%m-%d-%Y %H,979,0.8850022862368542,2014-07-21 09:00:00 UTC,2014-07-21 09:00:00 UTC,62,4,0.7327968923418424,0.9988901220865705,2.9311875693673697
indegree,ericgarner,%m-%d-%Y %H,986,0.9133516232281664,2014-07-21 10:00:00 UTC,2014-07-21 10:00:00 UTC,63,4,0.7327968923418424,0.9988901220865705,2.9311875693673697
indegree,ericgarner,%m-%d-%Y %H,991,0.8591885441527446,2014-07-21 11:00:00 UTC,2014-07-21 11:00:00 UTC,64,4,0.7327968923418424,0.9988901220865705,2.9311875693673697
indegree,ericgarner,%m-%d-%Y %H,993,1.0,2014-07-21 12:00:00 UTC,2014-07-21 12:00:00 UTC,65,4,0.7327968923418424,0.9988901220865705,2.9311875693673697
indegree,ericgarner,%m-%d-%Y %H,996,0.8733011836913634,2014-07-21 13:00:00 UTC,2014-07-21 13:00:00 UTC,66,4,0.7327968923418424,0.9988901220865705,2.9311875693673697
indegree,ericgarner,%m-%d-%Y %H,999,0.8875209848908786,2014-07-21 14:00:00 UTC,2014-07-21 14:00:00 UTC,67,4,0.7327968923418424,0.9988901220865705,2.9311875693673697
indegree,ericgarner,%m-%d-%Y %H,1000,1.0,2014-07-21 15:00:00 UTC,2014-07-21 15:00:00 UTC,68,4,0.7327968923418424,0.9988901220865705,2.9311875693673697
indegree,ericgarner,%m-%d-%Y %H,1006,0.8786640196192923,2014-07-21 16:00:00 UTC,2014-07-21 16:00:00 UTC,69,4,0.7327968923418424,0.9988901220865705,2.9311875693673697
indegree,ericgarner,%m-%d-%Y %H,1016,0.9224398433128148,2014-07-21 17:00:00 UTC,2014-07-21 17:00:00 UTC,70,4,0.7327968923418424,0.9988901220865705,2.9311875693673697
indegree,ericgarner,%m-%d-%Y %H,1048,0.8754932047347654,2014-07-21 18:00:00 UTC,2014-07-21 18:00:00 UTC,71,4,0.7327968923418424,0.9988901220865705,2.9311875693673697
indegree,ericgarner,%m-%d-%Y %H,1061,0.8939061814993424,2014-07-21 19:00:00 UTC,2014-07-21 19:00:00 UTC,72,4,0.7327968923418424,0.9988901220865705,2.9311875693673697
indegree,ericgarner,%m-%d-%Y %H,1070,0.885293208286097,2014-07-21 20:00:00 UTC,2014-07-21 20:00:00 UTC,73,4,0.7327968923418424,0.9988901220865705,2.9311875693673697
indegree,ericgarner,%m-%d-%Y %H,1084,0.8791095537462641,2014-07-21 21:00:00 UTC,2014-07-21 21:00:00 UTC,74,4,0.7327968923418424,0.9988901220865705,2.9311875693673697
indegree,ericgarner,%m-%d-%Y %H,1092,0.8836442337421416,2014-07-21 22:00:00 UTC,2014-07-21 22:00:00 UTC,75,4,0.7327968923418424,0.9988901220865705,2.9311875693673697
indegree,ericgarner,%m-%d-%Y %H,1099,0.9145625064413068,2014-07-21 23:00:00 UTC,2014-07-21 23:00:00 UTC,76,4,0.7327968923418424,0.9988901220865705,2.9311875693673697
indegree,ericgarner,%m-%d-%Y %H,1103,0.9143878838872529,2014-07-22 00:00:00 UTC,2014-07-22 00:00:00 UTC,77,4,0.7327968923418424,0.9988901220865705,2.9311875693673697
indegree,ericgarner,%m-%d-%Y %H,1113,0.8912764218147845,2014-07-22 01:00:00 UTC,2014-07-22 01:00:00 UTC,78,4,0.7327968923418424,0.9988901220865705,2.9311875693673697
indegree,ericgarner,%m-%d-%Y %H,1119,0.9048230760247576,2014-07-22 02:00:00 UTC,2014-07-22 02:00:00 UTC,79,4,0.7327968923418424,0.9988901220865705,2.9311875693673697
indegree,ericgarner,%m-%d-%Y %H,1124,0.9000914494741655,2014-07-22 03:00:00 UTC,2014-07-22 03:00:00 UTC,80,5,0.6382907880133185,0.9988901220865705,3.1914539400665927
indegree,ericgarner,%m-%d-%Y %H,1135,0.9466144376049245,2014-07-22 04:00:00 UTC,2014-07-22 04:00:00 UTC,81,5,0.6382907880133185,0.9988901220865705,3.1914539400665927
indegree,ericgarner,%m-%d-%Y %H,1138,0.9482657946981198,2014-07-22 05:00:00 UTC,2014-07-22 05:00:00 UTC,82,5,0.6382907880133185,0.9988901220865705,3.1914539400665927
indegree,ericgarner,%m-%d-%Y %H,1142,0.9266983778509574,2014-07-22 06:00:00 UTC,2014-07-22 06:00:00 UTC,83,5,0.6382907880133185,0.9988901220865705,3.1914539400665927
indegree,ericgarner,%m-%d-%Y %H,1149,0.9139339675433688,2014-07-22 07:00:00 UTC,2014-07-22 07:00:00 UTC,84,5,0.6382907880133185,0.9988901220865705,3.1914539400665927
indegree,ericgarner,%m-%d-%Y %H,1153,0.9254712845243315,2014-07-22 08:00:00 UTC,2014-07-22 08:00:00 UTC,85,5,0.6382907880133185,0.9988901220865705,3.1914539400665927
indegree,ericgarner,%m-%d-%Y %H,1154,0.9318767391528393,2014-07-22 09:00:00 UTC,2014-07-22 09:00:00 UTC,86,5,0.6382907880133185,0.9988901220865705,3.1914539400665927
indegree,ericgarner,%m-%d-%Y %H,1156,0.9714521282077708,2014-07-22 10:00:00 UTC,2014-07-22 10:00:00 UTC,87,5,0.6382907880133185,0.9988901220865705,3.1914539400665927
indegree,ericgarner,%m-%d-%Y %H,1159,0.9524889209522828,2014-07-22 11:00:00 UTC,2014-07-22 11:00:00 UTC,88,5,0.6382907880133185,0.9988901220865705,3.1914539400665927
indegree,ericgarner,%m-%d-%Y %H,1159,1.0,2014-07-22 12:00:00 UTC,2014-07-22 12:00:00 UTC,89,5,0.6382907880133185,0.9988901220865705,3.1914539400665927
indegree,ericgarner,%m-%d-%Y %H,1161,0.9383676903660075,2014-07-22 13:00:00 UTC,2014-07-22 13:00:00 UTC,90,5,0.6382907880133185,0.9988901220865705,3.1914539400665927
indegree,ericgarner,%m-%d-%Y %H,1166,0.9287073307218803,2014-07-22 14:00:00 UTC,2014-07-22 14:00:00 UTC,91,5,0.6382907880133185,0.9988901220865705,3.1914539400665927
indegree,ericgarner,%m-%d-%Y %H,1169,0.918854415274463,2014-07-22 15:00:00 UTC,2014-07-22 15:00:00 UTC,92,5,0.6382907880133185,0.9988901220865705,3.1914539400665927
indegree,ericgarner,%m-%d-%Y %H,1173,0.9355869318767391,2014-07-22 16:00:00 UTC,2014-07-22 16:00:00 UTC,93,5,0.6382907880133185,0.9988901220865705,3.1914539400665927
indegree,ericgarner,%m-%d-%Y %H,1176,0.9357567443987197,2014-07-22 17:00:00 UTC,2014-07-22 17:00:00 UTC,94,5,0.6382907880133185,0.9988901220865705,3.1914539400665927
indegree,ericgarner,%m-%d-%Y %H,1180,0.916501226205769,2014-07-22 18:00:00 UTC,2014-07-22 18:00:00 UTC,95,5,0.6382907880133185,0.9988901220865705,3.1914539400665927
indegree,ericgarner,%m-%d-%Y %H,1184,0.9254712845243315,2014-07-22 19:00:00 UTC,2014-07-22 19:00:00 UTC,96,5,0.6382907880133185,0.9988901220865705,3.1914539400665927
indegree,ericgarner,%m-%d-%Y %H,1190,0.940346950195859,2014-07-22 20:00:00 UTC,2014-07-22 20:00:00 UTC,97,5,0.6382907880133185,0.9988901220865705,3.1914539400665927
indegree,ericgarner,%m-%d-%Y %H,1195,0.9701010101010101,2014-07-22 21:00:00 UTC,2014-07-22 21:00:00 UTC,98,5,0.6382907880133185,0.9988901220865705,3.1914539400665927
indegree,ericgarner,%m-%d-%Y %H,1202,0.9234110653863741,2014-07-22 22:00:00 UTC,2014-07-22 22:00:00 UTC,99,5,0.6382907880133185,0.9988901220865705,3.1914539400665927
indegree,ericgarner,%m-%d-%Y %H,1208,0.9239752423216162,2014-07-22 23:00:00 UTC,2014-07-22 23:00:00 UTC,100,5,0.6382907880133185,0.9988901220865705,3.1914539400665927
indegree,ericgarner,%m-%d-%Y %H,1218,0.9434245840042942,2014-07-23 00:00:00 UTC,2014-07-23 00:00:00 UTC,101,5,0.6382907880133185,0.9988901220865705,3.1914539400665927
indegree,ericgarner,%m-%d-%Y %H,1228,0.9320987654320988,2014-07-23 01:00:00 UTC,2014-07-23 01:00:00 UTC,102,5,0.6382907880133185,0.9988901220865705,3.1914539400665927
indegree,ericgarner,%m-%d-%Y %H,1235,0.9319201995012469,2014-07-23 02:00:00 UTC,2014-07-23 02:00:00 UTC,103,5,0.6382907880133185,0.9988901220865705,3.1914539400665927
indegree,ericgarner,%m-%d-%Y %H,1252,0.9384454877412624,2014-07-23 03:00:00 UTC,2014-07-23 03:00:00 UTC,104,5,0.6382907880133185,0.9988901220865705,3.1914539400665927
indegree,ericgarner,%m-%d-%Y %H,1256,0.96444398639596,2014-07-23 04:00:00 UTC,2014-07-23 04:00:00 UTC,105,5,0.6382907880133185,0.9988901220865705,3.1914539400665927
indegree,ericgarner,%m-%d-%Y %H,1262,0.9260143198090692,2014-07-23 05:00:00 UTC,2014-07-23 05:00:00 UTC,106,5,0.6382907880133185,0.9988901220865705,3.1914539400665927
indegree,ericgarner,%m-%d-%Y %H,1265,0.9473914949583516,2014-07-23 06:00:00 UTC,2014-07-23 06:00:00 UTC,107,5,0.6382907880133185,0.9988901220865705,3.1914539400665927
indegree,ericgarner,%m-%d-%Y %H,1276,0.9334705075445816,2014-07-23 07:00:00 UTC,2014-07-23 07:00:00 UTC,108,5,0.6382907880133185,0.9988901220865705,3.1914539400665927
indegree,ericgarner,%m-%d-%Y %H,1280,0.9538653366583542,2014-07-23 08:00:00 UTC,2014-07-23 08:00:00 UTC,109,5,0.6382907880133185,0.9988901220865705,3.1914539400665927
indegree,ericgarner,%m-%d-%Y %H,1285,0.9387883887252839,2014-07-23 09:00:00 UTC,2014-07-23 09:00:00 UTC,110,5,0.6382907880133185,0.9988901220865705,3.1914539400665927
indegree,ericgarner,%m-%d-%Y %H,1288,0.9342520144809062,2014-07-23 10:00:00 UTC,2014-07-23 10:00:00 UTC,111,5,0.6382907880133185,0.9988901220865705,3.1914539400665927
indegree,ericgarner,%m-%d-%Y %H,1295,0.9221067382926544,2014-07-23 11:00:00 UTC,2014-07-23 11:00:00 UTC,112,5,0.6382907880133185,0.9988901220865705,3.1914539400665927
indegree,ericgarner,%m-%d-%Y %H,1296,0.9737373737373738,2014-07-23 13:00:00 UTC,2014-07-23 13:00:00 UTC,113,5,0.6382907880133185,0.9988901220865705,3.1914539400665927
indegree,ericgarner,%m-%d-%Y %H,1299,0.9676767676767677,2014-07-23 14:00:00 UTC,2014-07-23 14:00:00 UTC,114,5,0.6382907880133185,0.9988901220865705,3.1914539400665927
indegree,ericgarner,%m-%d-%Y %H,1302,0.9450685355044831,2014-07-23 15:00:00 UTC,2014-07-23 15:00:00 UTC,115,5,0.6382907880133185,0.9988901220865705,3.1914539400665927
indegree,ericgarner,%m-%d-%Y %H,1305,0.9403246525750321,2014-07-23 16:00:00 UTC,2014-07-23 16:00:00 UTC,116,5,0.6382907880133185,0.9988901220865705,3.1914539400665927
indegree,ericgarner,%m-%d-%Y %H,1309,0.9806060606060606,2014-07-23 17:00:00 UTC,2014-07-23 17:00:00 UTC,117,5,0.6382907880133185,0.9988901220865705,3.1914539400665927
indegree,ericgarner,%m-%d-%Y %H,1313,0.9791754312158183,2014-07-23 18:00:00 UTC,2014-07-23 18:00:00 UTC,118,5,0.6382907880133185,0.9988901220865705,3.1914539400665927
indegree,ericgarner,%m-%d-%Y %H,1317,0.9616161616161616,2014-07-23 19:00:00 UTC,2014-07-23 19:00:00 UTC,119,5,0.6382907880133185,0.9988901220865705,3.1914539400665927
indegree,ericgarner,%m-%d-%Y %H,1333,0.9229538180155464,2014-07-23 20:00:00 UTC,2014-07-23 20:00:00 UTC,120,5,0.6382907880133185,0.9988901220865705,3.1914539400665927
indegree,ericgarner,%m-%d-%Y %H,1345,0.9224965706447188,2014-07-23 21:00:00 UTC,2014-07-23 21:00:00 UTC,121,5,0.6382907880133185,0.9988901220865705,3.1914539400665927
indegree,ericgarner,%m-%d-%Y %H,1349,0.9242305540011192,2014-07-23 22:00:00 UTC,2014-07-23 22:00:00 UTC,122,5,0.6382907880133185,0.9988901220865705,3.1914539400665927
indegree,ericgarner,%m-%d-%Y %H,1364,0.931841074426413,2014-07-23 23:00:00 UTC,2014-07-23 23:00:00 UTC,123,7,0.7352941176470588,0.9988901220865705,5.147058823529411
indegree,ericgarner,%m-%d-%Y %H,1376,0.9180184129767646,2014-07-24 00:00:00 UTC,2014-07-24 00:00:00 UTC,124,7,0.7352941176470588,0.9988901220865705,5.147058823529411
indegree,ericgarner,%m-%d-%Y %H,1381,0.9374127750939345,2014-07-24 01:00:00 UTC,2014-07-24 01:00:00 UTC,125,7,0.7352941176470588,0.9988901220865705,5.147058823529411
indegree,ericgarner,%m-%d-%Y %H,1389,0.9508399464083274,2014-07-24 02:00:00 UTC,2014-07-24 02:00:00 UTC,126,7,0.7352941176470588,0.9988901220865705,5.147058823529411
indegree,ericgarner,%m-%d-%Y %H,1395,0.9030595813204508,2014-07-24 03:00:00 UTC,2014-07-24 03:00:00 UTC,127,7,0.7352941176470588,0.9988901220865705,5.147058823529411
indegree,ericgarner,%m-%d-%Y %H,1411,0.9056360708534622,2014-07-24 04:00:00 UTC,2014-07-24 04:00:00 UTC,128,7,0.7352941176470588,0.9988901220865705,5.147058823529411
indegree,ericgarner,%m-%d-%Y %H,1418,0.9381818181818182,2014-07-24 05:00:00 UTC,2014-07-24 05:00:00 UTC,129,7,0.7352941176470588,0.9988901220865705,5.147058823529411
indegree,ericgarner,%m-%d-%Y %H,1427,0.9090909090909091,2014-07-24 06:00:00 UTC,2014-07-24 06:00:00 UTC,130,7,0.7352941176470588,0.9988901220865705,5.147058823529411
indegree,ericgarner,%m-%d-%Y %H,1442,0.9062626262626262,2014-07-24 07:00:00 UTC,2014-07-24 07:00:00 UTC,131,7,0.7352941176470588,0.9988901220865705,5.147058823529411
indegree,ericgarner,%m-%d-%Y %H,1446,0.9814141414141414,2014-07-24 08:00:00 UTC,2014-07-24 08:00:00 UTC,132,7,0.7352941176470588,0.9988901220865705,5.147058823529411
indegree,ericgarner,%m-%d-%Y %H,1451,0.9474747474747475,2014-07-24 09:00:00 UTC,2014-07-24 09:00:00 UTC,133,7,0.7352941176470588,0.9988901220865705,5.147058823529411
indegree,ericgarner,%m-%d-%Y %H,1455,0.9175757575757576,2014-07-24 10:00:00 UTC,2014-07-24 10:00:00 UTC,134,7,0.7352941176470588,0.9988901220865705,5.147058823529411
indegree,ericgarner,%m-%d-%Y %H,1457,0.9652525252525253,2014-07-24 11:00:00 UTC,2014-07-24 11:00:00 UTC,135,7,0.7352941176470588,0.9988901220865705,5.147058823529411
indegree,ericgarner,%m-%d-%Y %H,1458,1.0,2014-07-24 12:00:00 UTC,2014-07-24 12:00:00 UTC,136,7,0.7352941176470588,0.9988901220865705,5.147058823529411
indegree,ericgarner,%m-%d-%Y %H,1460,0.9393939393939394,2014-07-24 13:00:00 UTC,2014-07-24 13:00:00 UTC,137,7,0.7352941176470588,0.9988901220865705,5.147058823529411
indegree,ericgarner,%m-%d-%Y %H,1461,0.9345454545454546,2014-07-24 14:00:00 UTC,2014-07-24 14:00:00 UTC,138,7,0.7352941176470588,0.9988901220865705,5.147058823529411
indegree,ericgarner,%m-%d-%Y %H,1462,0.9995959595959596,2014-07-24 15:00:00 UTC,2014-07-24 15:00:00 UTC,139,7,0.7352941176470588,0.9988901220865705,5.147058823529411
indegree,ericgarner,%m-%d-%Y %H,1468,0.9206983592763989,2014-07-24 16:00:00 UTC,2014-07-24 16:00:00 UTC,140,7,0.7352941176470588,0.9988901220865705,5.147058823529411
indegree,ericgarner,%m-%d-%Y %H,1473,0.9328986116954144,2014-07-24 17:00:00 UTC,2014-07-24 17:00:00 UTC,141,7,0.7352941176470588,0.9988901220865705,5.147058823529411
indegree,ericgarner,%m-%d-%Y %H,1478,0.9395598497047772,2014-07-24 18:00:00 UTC,2014-07-24 18:00:00 UTC,142,7,0.7352941176470588,0.9988901220865705,5.147058823529411
indegree,ericgarner,%m-%d-%Y %H,1485,0.9390618149934239,2014-07-24 19:00:00 UTC,2014-07-24 19:00:00 UTC,143,7,0.7352941176470588,0.9988901220865705,5.147058823529411
indegree,ericgarner,%m-%d-%Y %H,1487,0.9530921329406815,2014-07-24 20:00:00 UTC,2014-07-24 20:00:00 UTC,144,7,0.7352941176470588,0.9988901220865705,5.147058823529411
indegree,ericgarner,%m-%d-%Y %H,1489,0.9460010735373054,2014-07-24 21:00:00 UTC,2014-07-24 21:00:00 UTC,145,7,0.7352941176470588,0.9988901220865705,5.147058823529411
indegree,ericgarner,%m-%d-%Y %H,1497,0.9438539989264627,2014-07-24 22:00:00 UTC,2014-07-24 22:00:00 UTC,146,7,0.7352941176470588,0.9988901220865705,5.147058823529411
indegree,ericgarner,%m-%d-%Y %H,1508,0.9398992725237829,2014-07-24 23:00:00 UTC,2014-07-24 23:00:00 UTC,147,7,0.7352941176470588,0.9988901220865705,5.147058823529411
indegree,ericgarner,%m-%d-%Y %H,1517,0.9390039171796307,2014-07-25 00:00:00 UTC,2014-07-25 00:00:00 UTC,148,7,0.7352941176470588,0.9988901220865705,5.147058823529411
