first_seen,first_posted,entry_volatility_raw,entry_volatility_alexa,pre_media_raw,pre_media_alexa,total_seen_lifespan,total_posted_lifespan,rank_min,rank_first_quartile,rank_second_quartile,rank_third_quartile,rank_max,rank_median,rank_mode,rank_mean,rank_standard_deviation,rank_sum,rank_sample_variance,rank_elbow,rank_n,screen_name
2013-12-01 00:00:00 +0000,2013-12-01 00:00:00 +0000,8.510638297872341e-06,2.0922379389331006e-06,true,true,48470400.0,48470400.0,93,196,211,221,266,211.0,266,208.51754385964912,29.180392496470578,23771.0,851.4953062480763,159,114,Karnythia
2013-12-01 00:00:00 +0000,2013-12-01 00:00:00 +0000,8.510638297872341e-06,2.0922379389331006e-06,true,true,48470400.0,48470400.0,58,84,85,87,101,85.0,84,86.85087719298245,7.115873602395516,9901.0,50.63565712526935,74,114,FeministaJones
2013-12-01 00:00:00 +0000,2013-12-01 00:00:00 +0000,8.510638297872341e-06,2.0922379389331006e-06,true,true,48470400.0,48470400.0,49,68,69,73,73,69.0,73,69.9298245614035,3.302628666618786,7972.0,10.90735610957218,61,114,HoodFeminism
2013-12-01 00:00:00 +0000,2013-12-01 00:00:00 +0000,8.510638297872341e-06,2.0922379389331006e-06,true,true,48470400.0,48470400.0,47,65,65,66,70,65.0,65,65.16666666666667,2.4420176683221726,7429.0,5.963450292397661,57,114,thetrudz
2013-12-01 00:00:00 +0000,2013-12-01 00:00:00 +0000,8.510638297872341e-06,2.0922379389331006e-06,true,true,48470400.0,48470400.0,36,162,164,164,164,164.0,164,157.5,23.616545642201263,17955.0,557.7412280701755,155,114,thewayoftheid
2013-12-01 00:00:00 +0000,2013-12-01 00:00:00 +0000,8.510638297872341e-06,2.0922379389331006e-06,true,true,48470400.0,48470400.0,34,39,39,39,39,39.0,39,38.85964912280702,0.6472233945858502,4430.0,0.4188981224992312,34,114,Lushology_
2013-12-01 00:00:00 +0000,2013-12-01 00:00:00 +0000,8.510638297872341e-06,2.0922379389331006e-06,true,true,48470400.0,48470400.0,31,44,44,46,57,44.0,44,45.78947368421053,4.564304071029479,5220.0,20.832871652816273,42,114,bad_dominicana
2013-12-01 00:00:00 +0000,2013-12-01 00:00:00 +0000,8.510638297872341e-06,2.0922379389331006e-06,true,true,48470400.0,48470400.0,29,42,42,42,42,42.0,42,41.85087719298246,1.244161495555822,4771.0,1.5479378270236999,29,114,ReaganGomez
2013-12-01 00:00:00 +0000,2013-12-01 00:00:00 +0000,8.510638297872341e-06,2.0922379389331006e-06,true,true,48470400.0,48470400.0,26,33,33,33,33,33.0,33,32.85964912280702,0.8468433955191,3746.0,0.717143736534319,26,114,djolder
2013-12-01 00:00:00 +0000,2013-12-01 00:00:00 +0000,8.510638297872341e-06,2.0922379389331006e-06,true,true,48470400.0,48470400.0,21,30,30,30,30,30.0,30,29.92105263157895,0.8392220378474727,3411.0,0.7042936288088649,21,114,ReignOfApril
2013-12-01 00:00:00 +0000,2013-12-01 00:00:00 +0000,8.510638297872341e-06,2.0922379389331006e-06,true,true,48470400.0,48470400.0,20,20,20,20,20,20.0,20,20.0,0.0,2280.0,0.0,20,114,AquafarE
2013-12-01 00:00:00 +0000,2013-12-01 00:00:00 +0000,8.510638297872341e-06,2.0922379389331006e-06,true,true,48470400.0,48470400.0,19,35,35,35,35,35.0,35,34.78947368421053,1.6247735832034909,3966.0,2.639889196675911,28,114,deluxvivens
2013-12-01 00:00:00 +0000,2013-12-01 00:00:00 +0000,8.510638297872341e-06,2.0922379389331006e-06,true,true,48470400.0,48470400.0,18,24,24,24,24,24.0,24,23.94736842105263,0.5594813585649788,2730.0,0.31301939058171435,18,114,dopegirlfresh
2013-12-01 00:00:00 +0000,2013-12-01 00:00:00 +0000,8.510638297872341e-06,2.0922379389331006e-06,true,true,48470400.0,48470400.0,17,17,17,17,17,17.0,17,17.0,0.0,1938.0,0.0,17,114,ProfBanks
2013-12-01 00:00:00 +0000,2013-12-01 00:00:00 +0000,8.510638297872341e-06,2.0922379389331006e-06,true,true,48470400.0,48470400.0,16,20,20,20,20,20.0,20,19.92982456140351,0.43365638927397476,2272.0,0.18805786395814114,16,114,BlackCanseco
2013-12-01 00:00:00 +0000,2013-12-01 00:00:00 +0000,8.510638297872341e-06,2.0922379389331006e-06,true,true,48470400.0,48470400.0,16,24,24,24,24,24.0,24,23.903508771929825,0.7943804630644534,2725.0,0.6310403200984955,16,114,LexiScorsese
2013-12-01 00:00:00 +0000,2013-12-01 00:00:00 +0000,8.510638297872341e-06,2.0922379389331006e-06,true,true,48470400.0,48470400.0,12,22,22,26,26,22.0,22,23.026315789473685,2.627321116870605,2625.0,6.902816251154203,18,114,Blackamazon
2013-12-01 00:00:00 +0000,2013-12-01 00:00:00 +0000,8.510638297872341e-06,2.0922379389331006e-06,true,true,48470400.0,48470400.0,11,14,14,14,14,14.0,14,13.947368421052632,0.3464634676865185,1590.0,0.12003693444136723,11,114,ashe_phoenix
2013-12-01 00:00:00 +0000,2013-12-01 00:00:00 +0000,8.510638297872341e-06,2.0922379389331006e-06,true,true,48470400.0,48470400.0,11,11,11,11,11,11.0,11,11.0,0.0,1254.0,0.0,11,114,youdamnskippy
2013-12-01 00:00:00 +0000,2013-12-01 00:00:00 +0000,8.510638297872341e-06,2.0922379389331006e-06,true,true,48470400.0,48470400.0,10,10,10,10,10,10.0,10,10.0,0.0,1140.0,0.0,10,114,DeliaChristina
2013-12-01 00:00:00 +0000,2013-12-01 00:00:00 +0000,8.510638297872341e-06,2.0922379389331006e-06,true,true,48470400.0,48470400.0,10,10,10,10,10,10.0,10,10.0,0.0,1140.0,0.0,10,114,Vivaciously_Val
2013-12-01 00:00:00 +0000,2013-12-01 00:00:00 +0000,8.510638297872341e-06,2.0922379389331006e-06,true,true,48470400.0,48470400.0,9,11,11,11,11,11.0,11,10.982456140350877,0.18649378618832774,1252.0,0.0347799322868577,9,114,funkybrownchick
2013-12-01 00:00:00 +0000,2013-12-01 00:00:00 +0000,8.510638297872341e-06,2.0922379389331006e-06,true,true,48470400.0,48470400.0,9,10,10,10,10,10.0,10,9.982456140350877,0.13128622409733118,1138.0,0.017236072637734665,9,114,DNLee5
2013-12-01 00:00:00 +0000,2013-12-01 00:00:00 +0000,8.510638297872341e-06,2.0922379389331006e-06,true,true,48470400.0,48470400.0,8,12,12,12,13,12.0,12,12.096491228070175,0.6208270975165084,1379.0,0.3854262850107723,8,114,SorayaTWP
2013-12-01 00:00:00 +0000,2013-12-01 00:00:00 +0000,8.510638297872341e-06,2.0922379389331006e-06,true,true,48470400.0,48470400.0,8,11,11,11,11,11.0,11,10.87719298245614,0.4980726163711704,1240.0,0.24807633117882305,8,114,FoxyJazzabelle
2013-12-01 00:00:00 +0000,2013-12-01 00:00:00 +0000,8.510638297872341e-06,2.0922379389331006e-06,true,true,48470400.0,48470400.0,8,12,12,12,12,12.0,12,11.894736842105264,0.4658216858719904,1356.0,0.2169898430286233,8,114,marcussimmonscc
2013-12-01 00:00:00 +0000,2013-12-01 00:00:00 +0000,8.510638297872341e-06,2.0922379389331006e-06,true,true,48470400.0,48470400.0,8,9,9,9,9,9.0,9,8.991228070175438,0.09324689309416387,1025.0,0.008694983071714424,8,114,ConsolataSosa
2013-12-01 00:00:00 +0000,2013-12-01 00:00:00 +0000,8.510638297872341e-06,2.0922379389331006e-06,true,true,48470400.0,48470400.0,7,8,8,8,8,8.0,8,7.991228070175438,0.09324689309416387,911.0,0.008694983071714424,7,114,femmen0ir
2013-12-01 00:00:00 +0000,2013-12-01 00:00:00 +0000,8.510638297872341e-06,2.0922379389331006e-06,true,true,48470400.0,48470400.0,7,7,7,7,7,7.0,7,7.0,0.0,798.0,0.0,7,114,ProfessorBLove
2013-12-01 00:00:00 +0000,2013-12-01 00:00:00 +0000,8.510638297872341e-06,2.0922379389331006e-06,true,true,48470400.0,48470400.0,7,10,10,11,11,10.5,11,10.412280701754385,0.7231922836295078,1187.0,0.5230070791012624,7,114,blackgirlinmain
2013-12-01 00:00:00 +0000,2013-12-01 00:00:00 +0000,8.510638297872341e-06,2.0922379389331006e-06,true,true,48470400.0,48470400.0,7,7,7,7,7,7.0,7,7.0,0.0,798.0,0.0,7,114,SeptembreA
2013-12-01 00:00:00 +0000,2013-12-01 00:00:00 +0000,8.510638297872341e-06,2.0922379389331006e-06,true,true,48470400.0,48470400.0,7,7,7,7,7,7.0,7,7.0,0.0,798.0,0.0,7,114,nealcarter
2013-12-01 00:00:00 +0000,2013-12-01 00:00:00 +0000,8.510638297872341e-06,2.0922379389331006e-06,true,true,48470400.0,48470400.0,7,9,9,9,9,9.0,9,8.87719298245614,0.35393405266372024,1012.0,0.1252693136349651,7,114,badgalvivii
2013-12-01 00:00:00 +0000,2013-12-01 00:00:00 +0000,8.510638297872341e-06,2.0922379389331006e-06,true,true,48470400.0,48470400.0,6,8,8,8,8,8.0,8,7.982456140350878,0.1864937861883266,910.0,0.03477993228685728,6,114,SaluteMeImAsh_
2013-12-01 00:00:00 +0000,2013-12-01 00:00:00 +0000,8.510638297872341e-06,2.0922379389331006e-06,true,true,48470400.0,48470400.0,6,11,11,11,11,11.0,11,10.736842105263158,1.1164843913471856,1224.0,1.2465373961218953,6,114,divafeminist
2013-12-01 00:00:00 +0000,2013-12-01 00:00:00 +0000,8.510638297872341e-06,2.0922379389331006e-06,true,true,48470400.0,48470400.0,6,7,8,8,8,8.0,8,7.684210526315789,0.48333253733178755,876.0,0.23361034164358382,6,114,Goodytwosh0es
2013-12-01 00:00:00 +0000,2013-12-01 00:00:00 +0000,8.510638297872341e-06,2.0922379389331006e-06,true,true,48470400.0,48470400.0,6,7,7,7,7,7.0,7,6.850877192982456,0.3562094825306477,781.0,0.12688519544475182,6,114,dcIfy
2013-12-01 00:00:00 +0000,2013-12-01 00:00:00 +0000,8.510638297872341e-06,2.0922379389331006e-06,true,true,48470400.0,48470400.0,6,6,6,6,6,6.0,6,6.0,0.0,684.0,0.0,6,114,umokmhmm
2013-12-01 00:00:00 +0000,2013-12-01 00:00:00 +0000,8.510638297872341e-06,2.0922379389331006e-06,true,true,48470400.0,48470400.0,6,9,9,9,9,9.0,9,8.973684210526315,0.2797406792824894,1023.0,0.07825484764542859,6,114,lenubienne
2013-12-01 00:00:00 +0000,2013-12-01 00:00:00 +0000,8.510638297872341e-06,2.0922379389331006e-06,true,true,48470400.0,48470400.0,5,5,5,5,5,5.0,5,5.0,0.0,570.0,0.0,5,114,tdejarnett
2013-12-01 00:00:00 +0000,2013-12-01 00:00:00 +0000,8.510638297872341e-06,2.0922379389331006e-06,true,true,48470400.0,48470400.0,5,5,5,5,5,5.0,5,5.0,0.0,570.0,0.0,5,114,TaylorBrione
2013-12-01 00:00:00 +0000,2013-12-01 00:00:00 +0000,8.510638297872341e-06,2.0922379389331006e-06,true,true,48470400.0,48470400.0,5,5,5,5,5,5.0,5,5.0,0.0,570.0,0.0,5,114,WontDoRite
2013-12-01 00:00:00 +0000,2013-12-01 00:00:00 +0000,8.510638297872341e-06,2.0922379389331006e-06,true,true,48470400.0,48470400.0,5,6,6,6,6,6.0,6,5.991228070175438,0.09324689309416387,683.0,0.008694983071714424,5,114,iGoBiTima
2013-12-01 00:00:00 +0000,2013-12-01 00:00:00 +0000,8.510638297872341e-06,2.0922379389331006e-06,true,true,48470400.0,48470400.0,5,5,5,5,5,5.0,5,5.0,0.0,570.0,0.0,5,114,aBuggslyfe
2013-12-01 00:00:00 +0000,2013-12-01 00:00:00 +0000,8.510638297872341e-06,2.0922379389331006e-06,true,true,48470400.0,48470400.0,5,6,6,6,6,6.0,6,5.991228070175438,0.09324689309416387,683.0,0.008694983071714424,5,114,SassyE
2013-12-01 00:00:00 +0000,2013-12-01 00:00:00 +0000,8.510638297872341e-06,2.0922379389331006e-06,true,true,48470400.0,48470400.0,5,5,5,5,5,5.0,5,5.0,0.0,570.0,0.0,5,114,jteeDC
2013-12-01 00:00:00 +0000,2013-12-01 00:00:00 +0000,8.510638297872341e-06,2.0922379389331006e-06,true,true,48470400.0,48470400.0,5,6,6,6,6,6.0,6,5.991228070175438,0.09324689309416387,683.0,0.008694983071714424,5,114,NoTime4YourShit
2013-12-01 00:00:00 +0000,2013-12-01 00:00:00 +0000,8.510638297872341e-06,2.0922379389331006e-06,true,true,48470400.0,48470400.0,5,5,5,5,5,5.0,5,5.0,0.0,570.0,0.0,5,114,Rhyme_Slow
2013-12-01 00:00:00 +0000,2013-12-01 00:00:00 +0000,8.510638297872341e-06,2.0922379389331006e-06,true,true,48470400.0,48470400.0,5,5,5,5,5,5.0,5,5.0,0.0,570.0,0.0,5,114,RiaLaDona
2013-12-01 00:00:00 +0000,2013-12-01 00:00:00 +0000,8.510638297872341e-06,2.0922379389331006e-06,true,true,48470400.0,48470400.0,4,5,5,5,5,5.0,5,4.824561403508772,0.3803418138364707,550.0,0.14465989535241652,4,114,LordeBarrington
2013-12-01 00:00:00 +0000,2013-12-01 00:00:00 +0000,8.510638297872341e-06,2.0922379389331006e-06,true,true,48470400.0,48470400.0,4,4,4,4,4,4.0,4,4.0,0.0,456.0,0.0,4,114,veronicamarche
2013-12-01 00:00:00 +0000,2013-12-01 00:00:00 +0000,8.510638297872341e-06,2.0922379389331006e-06,true,true,48470400.0,48470400.0,4,11,11,11,11,11.0,11,10.93859649122807,0.6527282516591469,1247.0,0.4260541705140066,11,114,ellehoneybee
2013-12-01 00:00:00 +0000,2013-12-01 00:00:00 +0000,8.510638297872341e-06,2.0922379389331006e-06,true,true,48470400.0,48470400.0,4,5,5,6,6,5.0,5,5.271929824561403,0.4827750142391931,601.0,0.2330717143736531,4,114,RichelleCarey
2013-12-01 00:00:00 +0000,2013-12-01 00:00:00 +0000,8.510638297872341e-06,2.0922379389331006e-06,true,true,48470400.0,48470400.0,4,4,4,4,4,4.0,4,4.0,0.0,456.0,0.0,4,114,ebonei_thickums
2013-12-01 00:00:00 +0000,2013-12-01 00:00:00 +0000,8.510638297872341e-06,2.0922379389331006e-06,true,true,48470400.0,48470400.0,4,4,4,4,4,4.0,4,4.0,0.0,456.0,0.0,4,114,youngshay513
2013-12-01 00:00:00 +0000,2013-12-01 00:00:00 +0000,8.510638297872341e-06,2.0922379389331006e-06,true,true,48470400.0,48470400.0,4,4,4,4,4,4.0,4,4.0,0.0,456.0,0.0,4,114,PanaNegra
2013-12-01 00:00:00 +0000,2013-12-01 00:00:00 +0000,8.510638297872341e-06,2.0922379389331006e-06,true,true,48470400.0,48470400.0,4,4,4,4,4,4.0,4,4.0,0.0,456.0,0.0,4,114,xoxojenelle
2013-12-01 00:00:00 +0000,2013-12-01 00:00:00 +0000,8.510638297872341e-06,2.0922379389331006e-06,true,true,48470400.0,48470400.0,4,4,4,4,4,4.0,4,4.0,0.0,456.0,0.0,4,114,ShantaFabulous
2013-12-01 00:00:00 +0000,2013-12-01 00:00:00 +0000,8.510638297872341e-06,2.0922379389331006e-06,true,true,48470400.0,48470400.0,4,4,4,4,4,4.0,4,4.0,0.0,456.0,0.0,4,114,misslisha3
2013-12-01 00:00:00 +0000,2013-12-01 00:00:00 +0000,8.510638297872341e-06,2.0922379389331006e-06,true,true,48470400.0,48470400.0,4,4,4,4,4,4.0,4,4.0,0.0,456.0,0.0,4,114,JohnWilson
2013-12-01 00:00:00 +0000,2013-12-01 00:00:00 +0000,8.510638297872341e-06,2.0922379389331006e-06,true,true,48470400.0,48470400.0,3,3,3,3,3,3.0,3,3.0,0.0,342.0,0.0,3,114,thePHAmemonster
2013-12-01 00:00:00 +0000,2013-12-01 00:00:00 +0000,8.510638297872341e-06,2.0922379389331006e-06,true,true,48470400.0,48470400.0,3,3,3,3,3,3.0,3,3.0,0.0,342.0,0.0,3,114,MsFlowersTweets
2013-12-01 00:00:00 +0000,2013-12-01 00:00:00 +0000,8.510638297872341e-06,2.0922379389331006e-06,true,true,48470400.0,48470400.0,3,3,3,3,3,3.0,3,3.0,0.0,342.0,0.0,3,114,CNRush
2013-12-01 00:00:00 +0000,2013-12-01 00:00:00 +0000,8.510638297872341e-06,2.0922379389331006e-06,true,true,48470400.0,48470400.0,3,4,4,4,4,4.0,4,3.8157894736842106,0.3876557858593745,435.0,0.1502770083102492,3,114,MinoWarrior
2013-12-01 00:00:00 +0000,2013-12-01 00:00:00 +0000,8.510638297872341e-06,2.0922379389331006e-06,true,true,48470400.0,48470400.0,3,3,3,3,3,3.0,3,3.0,0.0,342.0,0.0,3,114,Doctor_Trent
2013-12-01 00:00:00 +0000,2013-12-01 00:00:00 +0000,8.510638297872341e-06,2.0922379389331006e-06,true,true,48470400.0,48470400.0,3,4,4,4,4,4.0,4,3.991228070175439,0.0932468930941633,455.0,0.00869498307171432,3,114,ITakeNoBlame
2013-12-01 00:00:00 +0000,2013-12-01 00:00:00 +0000,8.510638297872341e-06,2.0922379389331006e-06,true,true,48470400.0,48470400.0,3,8,8,8,8,8.0,8,7.956140350877193,0.46623446547081615,907.0,0.21737457679285768,8,114,Sunkissed202
2013-12-01 00:00:00 +0000,2013-12-01 00:00:00 +0000,8.510638297872341e-06,2.0922379389331006e-06,true,true,48470400.0,48470400.0,3,3,3,3,3,3.0,3,3.0,0.0,342.0,0.0,3,114,SimplyMilele
2013-12-01 00:00:00 +0000,2013-12-01 00:00:00 +0000,8.510638297872341e-06,2.0922379389331006e-06,true,true,48470400.0,48470400.0,3,3,3,3,3,3.0,3,3.0,0.0,342.0,0.0,3,114,ltsBritneyJean
2013-12-01 00:00:00 +0000,2013-12-01 00:00:00 +0000,8.510638297872341e-06,2.0922379389331006e-06,true,true,48470400.0,48470400.0,3,3,3,3,3,3.0,3,3.0,0.0,342.0,0.0,3,114,IAmMiss_Ashley
2013-12-01 00:00:00 +0000,2013-12-01 00:00:00 +0000,8.510638297872341e-06,2.0922379389331006e-06,true,true,48470400.0,48470400.0,3,3,3,3,3,3.0,3,3.0,0.0,342.0,0.0,3,114,OpinionatedKei
2013-12-01 00:00:00 +0000,2013-12-01 00:00:00 +0000,8.510638297872341e-06,2.0922379389331006e-06,true,true,48470400.0,48470400.0,3,4,4,4,4,4.0,4,3.982456140350877,0.13128622409733126,454.0,0.017236072637734683,3,114,ChrissyCole
2013-12-01 00:00:00 +0000,2013-12-01 00:00:00 +0000,8.510638297872341e-06,2.0922379389331006e-06,true,true,48470400.0,48470400.0,3,3,3,3,3,3.0,3,3.0,0.0,342.0,0.0,3,114,pjenks
2013-12-01 00:00:00 +0000,2013-12-01 00:00:00 +0000,8.510638297872341e-06,2.0922379389331006e-06,true,true,48470400.0,48470400.0,3,3,3,3,3,3.0,3,3.0,0.0,342.0,0.0,3,114,picksNfros
2013-12-01 00:00:00 +0000,2013-12-01 00:00:00 +0000,8.510638297872341e-06,2.0922379389331006e-06,true,true,48470400.0,48470400.0,3,3,3,3,3,3.0,3,3.0,0.0,342.0,0.0,3,114,LoneStarGumbo
2013-12-01 00:00:00 +0000,2013-12-01 00:00:00 +0000,8.510638297872341e-06,2.0922379389331006e-06,true,true,48470400.0,48470400.0,3,3,3,3,3,3.0,3,3.0,0.0,342.0,0.0,3,114,theMATHnificent
2013-12-01 00:00:00 +0000,2013-12-01 00:00:00 +0000,8.510638297872341e-06,2.0922379389331006e-06,true,true,48470400.0,48470400.0,3,3,3,3,3,3.0,3,3.0,0.0,342.0,0.0,3,114,amirightfolks
2013-12-01 00:00:00 +0000,2013-12-01 00:00:00 +0000,8.510638297872341e-06,2.0922379389331006e-06,true,true,48470400.0,48470400.0,3,5,5,5,5,5.0,5,4.842105263157895,0.5393131982084001,552.0,0.290858725761773,3,114,redclayscholar
2013-12-01 00:00:00 +0000,2013-12-01 00:00:00 +0000,8.510638297872341e-06,2.0922379389331006e-06,true,true,48470400.0,48470400.0,3,3,3,3,3,3.0,3,3.0,0.0,342.0,0.0,3,114,LoveMySkip
2013-12-01 00:00:00 +0000,2013-12-01 00:00:00 +0000,8.510638297872341e-06,2.0922379389331006e-06,true,true,48470400.0,48470400.0,3,6,6,6,6,6.0,6,5.973684210526316,0.27974067928248947,681.0,0.07825484764542864,6,114,renaissanceeast
2013-12-01 00:00:00 +0000,2013-12-01 00:00:00 +0000,8.510638297872341e-06,2.0922379389331006e-06,true,true,48470400.0,48470400.0,3,3,3,3,3,3.0,3,3.0,0.0,342.0,0.0,3,114,courtney_thewry
2013-12-01 00:00:00 +0000,2013-12-01 00:00:00 +0000,8.510638297872341e-06,2.0922379389331006e-06,true,true,48470400.0,48470400.0,3,3,3,3,3,3.0,3,3.0,0.0,342.0,0.0,3,114,MissFyeRed_
2013-12-01 00:00:00 +0000,2013-12-01 00:00:00 +0000,8.510638297872341e-06,2.0922379389331006e-06,true,true,48470400.0,48470400.0,3,4,4,4,4,4.0,4,3.991228070175439,0.0932468930941633,455.0,0.00869498307171432,3,114,_MissBre
2013-12-01 00:00:00 +0000,2013-12-01 00:00:00 +0000,8.510638297872341e-06,2.0922379389331006e-06,true,true,48470400.0,48470400.0,3,4,4,4,9,4.0,4,4.649122807017544,1.6961383184884278,530.0,2.876885195444751,9,114,NaijaNupe_
2013-12-01 00:00:00 +0000,2013-12-01 00:00:00 +0000,8.510638297872341e-06,2.0922379389331006e-06,true,true,48470400.0,48470400.0,3,3,3,3,3,3.0,3,3.0,0.0,342.0,0.0,3,114,MsTosciMarie
2013-12-01 00:00:00 +0000,2013-12-01 00:00:00 +0000,8.510638297872341e-06,2.0922379389331006e-06,true,true,48470400.0,48470400.0,3,5,5,5,5,5.0,5,4.964912280701754,0.2625724481946625,566.0,0.06894429055093873,3,114,IndasCorner
2013-12-01 00:00:00 +0000,2013-12-01 00:00:00 +0000,8.510638297872341e-06,2.0922379389331006e-06,true,true,48470400.0,48470400.0,3,3,3,3,3,3.0,3,3.0,0.0,342.0,0.0,3,114,Social_Werkk
2013-12-01 00:00:00 +0000,2013-12-01 00:00:00 +0000,8.510638297872341e-06,2.0922379389331006e-06,true,true,48470400.0,48470400.0,3,3,3,3,3,3.0,3,3.0,0.0,342.0,0.0,3,114,TheREAL_MBrooks
2013-12-01 00:00:00 +0000,2013-12-01 00:00:00 +0000,8.510638297872341e-06,2.0922379389331006e-06,true,true,48470400.0,48470400.0,3,3,3,3,3,3.0,3,3.0,0.0,342.0,0.0,3,114,byepoleher
2013-12-01 00:00:00 +0000,2013-12-01 00:00:00 +0000,8.510638297872341e-06,2.0922379389331006e-06,true,true,48470400.0,48470400.0,2,3,3,3,3,3.0,3,2.991228070175439,0.0932468930941633,341.0,0.00869498307171432,2,114,lnaturalchica
2013-12-01 00:00:00 +0000,2013-12-01 00:00:00 +0000,8.510638297872341e-06,2.0922379389331006e-06,true,true,48470400.0,48470400.0,2,2,2,2,2,2.0,2,2.0,0.0,228.0,0.0,2,114,BlerdTrekkie
2013-12-01 00:00:00 +0000,2013-12-01 00:00:00 +0000,8.510638297872341e-06,2.0922379389331006e-06,true,true,48470400.0,48470400.0,2,3,3,3,3,3.0,3,2.991228070175439,0.0932468930941633,341.0,0.00869498307171432,2,114,MsJayye
2013-12-01 00:00:00 +0000,2013-12-01 00:00:00 +0000,8.510638297872341e-06,2.0922379389331006e-06,true,true,48470400.0,48470400.0,2,2,2,2,2,2.0,2,2.0,0.0,228.0,0.0,2,114,Phade2Black_10
2013-12-01 00:00:00 +0000,2013-12-01 00:00:00 +0000,8.510638297872341e-06,2.0922379389331006e-06,true,true,48470400.0,48470400.0,2,2,2,2,2,2.0,2,2.0,0.0,228.0,0.0,2,114,simplyjewell
2013-12-01 00:00:00 +0000,2013-12-01 00:00:00 +0000,8.510638297872341e-06,2.0922379389331006e-06,true,true,48470400.0,48470400.0,2,2,2,2,2,2.0,2,2.0,0.0,228.0,0.0,2,114,Mz_SweetKisses
2013-12-01 00:00:00 +0000,2013-12-01 00:00:00 +0000,8.510638297872341e-06,2.0922379389331006e-06,true,true,48470400.0,48470400.0,2,3,3,3,3,3.0,3,2.991228070175439,0.0932468930941633,341.0,0.00869498307171432,2,114,NerdyWonka
2013-12-01 00:00:00 +0000,2013-12-01 00:00:00 +0000,8.510638297872341e-06,2.0922379389331006e-06,true,true,48470400.0,48470400.0,2,2,2,2,2,2.0,2,2.0,0.0,228.0,0.0,2,114,iAmQueenRo
2013-12-01 00:00:00 +0000,2013-12-01 00:00:00 +0000,8.510638297872341e-06,2.0922379389331006e-06,true,true,48470400.0,48470400.0,2,3,3,3,3,3.0,3,2.991228070175439,0.0932468930941633,341.0,0.00869498307171432,2,114,rchlstphns
2013-12-01 00:00:00 +0000,2013-12-01 00:00:00 +0000,8.510638297872341e-06,2.0922379389331006e-06,true,true,48470400.0,48470400.0,2,7,7,7,7,7.0,7,6.956140350877193,0.46623446547081615,793.0,0.21737457679285768,7,114,zellieimani
2013-12-01 00:00:00 +0000,2013-12-01 00:00:00 +0000,8.510638297872341e-06,2.0922379389331006e-06,true,true,48470400.0,48470400.0,2,2,2,2,2,2.0,2,2.0,0.0,228.0,0.0,2,114,NikkoEvans
2013-12-01 00:00:00 +0000,2013-12-01 00:00:00 +0000,8.510638297872341e-06,2.0922379389331006e-06,true,true,48470400.0,48470400.0,2,21,21,21,21,21.0,21,20.45614035087719,2.5790667116437076,2332.0,6.651585103108688,17,114,goldietaylor
2013-12-01 00:00:00 +0000,2013-12-01 00:00:00 +0000,8.510638297872341e-06,2.0922379389331006e-06,true,true,48470400.0,48470400.0,2,2,2,2,2,2.0,2,2.0,0.0,228.0,0.0,2,114,ostrich405
2013-12-01 00:00:00 +0000,2013-12-01 00:00:00 +0000,8.510638297872341e-06,2.0922379389331006e-06,true,true,48470400.0,48470400.0,2,2,2,2,2,2.0,2,2.0,0.0,228.0,0.0,2,114,eatmydssertfrst
2013-12-01 00:00:00 +0000,2013-12-01 00:00:00 +0000,8.510638297872341e-06,2.0922379389331006e-06,true,true,48470400.0,48470400.0,2,2,2,2,2,2.0,2,2.0,0.0,228.0,0.0,2,114,Chinyere_Ama
2013-12-01 00:00:00 +0000,2013-12-01 00:00:00 +0000,8.510638297872341e-06,2.0922379389331006e-06,true,true,48470400.0,48470400.0,2,2,2,2,2,2.0,2,2.0,0.0,228.0,0.0,2,114,WhiteGirlNell
2013-12-01 00:00:00 +0000,2013-12-01 00:00:00 +0000,8.510638297872341e-06,2.0922379389331006e-06,true,true,48470400.0,48470400.0,2,2,2,2,2,2.0,2,2.0,0.0,228.0,0.0,2,114,HaddiCee_Says
2013-12-01 00:00:00 +0000,2013-12-01 00:00:00 +0000,8.510638297872341e-06,2.0922379389331006e-06,true,true,48470400.0,48470400.0,2,2,2,2,2,2.0,2,2.0,0.0,228.0,0.0,2,114,theeAVAshow
2013-12-01 00:00:00 +0000,2013-12-01 00:00:00 +0000,8.510638297872341e-06,2.0922379389331006e-06,true,true,48470400.0,48470400.0,2,2,2,2,2,2.0,2,2.0,0.0,228.0,0.0,2,114,CeQueEllePense
2013-12-01 00:00:00 +0000,2013-12-01 00:00:00 +0000,8.510638297872341e-06,2.0922379389331006e-06,true,true,48470400.0,48470400.0,2,2,2,2,2,2.0,2,2.0,0.0,228.0,0.0,2,114,AyoMia_3
2013-12-01 00:00:00 +0000,2013-12-01 00:00:00 +0000,8.510638297872341e-06,2.0922379389331006e-06,true,true,48470400.0,48470400.0,2,2,2,2,2,2.0,2,2.0,0.0,228.0,0.0,2,114,Resa_Resa23
2013-12-01 00:00:00 +0000,2013-12-01 00:00:00 +0000,8.510638297872341e-06,2.0922379389331006e-06,true,true,48470400.0,48470400.0,2,2,2,2,2,2.0,2,2.0,0.0,228.0,0.0,2,114,mztress_isis
2013-12-01 00:00:00 +0000,2013-12-01 00:00:00 +0000,8.510638297872341e-06,2.0922379389331006e-06,true,true,48470400.0,48470400.0,2,2,2,2,2,2.0,2,2.0,0.0,228.0,0.0,2,114,therealphdmommy
2013-12-01 00:00:00 +0000,2013-12-01 00:00:00 +0000,8.510638297872341e-06,2.0922379389331006e-06,true,true,48470400.0,48470400.0,2,2,2,2,2,2.0,2,2.0,0.0,228.0,0.0,2,114,femme_esq
2013-12-01 00:00:00 +0000,2013-12-01 00:00:00 +0000,8.510638297872341e-06,2.0922379389331006e-06,true,true,48470400.0,48470400.0,2,2,2,2,2,2.0,2,2.0,0.0,228.0,0.0,2,114,rgay
2013-12-01 00:00:00 +0000,2013-12-01 00:00:00 +0000,8.510638297872341e-06,2.0922379389331006e-06,true,true,48470400.0,48470400.0,2,2,2,2,2,2.0,2,2.0,0.0,228.0,0.0,2,114,Whit_Wanderer23
2013-12-01 00:00:00 +0000,2013-12-01 00:00:00 +0000,8.510638297872341e-06,2.0922379389331006e-06,true,true,48470400.0,48470400.0,2,2,2,2,2,2.0,2,2.0,0.0,228.0,0.0,2,114,DanTresOmi
2013-12-01 00:00:00 +0000,2013-12-01 00:00:00 +0000,8.510638297872341e-06,2.0922379389331006e-06,true,true,48470400.0,48470400.0,2,2,2,2,2,2.0,2,2.0,0.0,228.0,0.0,2,114,Jaye_Elaine
2013-12-01 00:00:00 +0000,2013-12-01 00:00:00 +0000,8.510638297872341e-06,2.0922379389331006e-06,true,true,48470400.0,48470400.0,2,2,2,2,2,2.0,2,2.0,0.0,228.0,0.0,2,114,trendinaliaUS
2013-12-01 00:00:00 +0000,2013-12-01 00:00:00 +0000,8.510638297872341e-06,2.0922379389331006e-06,true,true,48470400.0,48470400.0,2,4,4,4,4,4.0,4,3.973684210526316,0.20776700495310585,453.0,0.04316712834718391,2,114,Crommunist
2013-12-01 00:00:00 +0000,2013-12-01 00:00:00 +0000,8.510638297872341e-06,2.0922379389331006e-06,true,true,48470400.0,48470400.0,2,2,2,2,2,2.0,2,2.0,0.0,228.0,0.0,2,114,rosefox
2013-12-01 00:00:00 +0000,2013-12-01 00:00:00 +0000,8.510638297872341e-06,2.0922379389331006e-06,true,true,48470400.0,48470400.0,2,2,2,2,2,2.0,2,2.0,0.0,228.0,0.0,2,114,MelanatedGOD
2013-12-01 00:00:00 +0000,2013-12-01 00:00:00 +0000,8.510638297872341e-06,2.0922379389331006e-06,true,true,48470400.0,48470400.0,2,2,2,2,2,2.0,2,2.0,0.0,228.0,0.0,2,114,adept2u
2013-12-01 00:00:00 +0000,2013-12-01 00:00:00 +0000,8.510638297872341e-06,2.0922379389331006e-06,true,true,48470400.0,48470400.0,2,3,3,3,3,3.0,3,2.982456140350877,0.13128622409733126,340.0,0.017236072637734683,2,114,Kuahmel
2013-12-01 00:00:00 +0000,2013-12-01 00:00:00 +0000,8.510638297872341e-06,2.0922379389331006e-06,true,true,48470400.0,48470400.0,2,3,3,3,3,3.0,3,2.991228070175439,0.0932468930941633,341.0,0.00869498307171432,2,114,LadeeLuvleeLox
2013-12-01 00:00:00 +0000,2013-12-01 00:00:00 +0000,8.510638297872341e-06,2.0922379389331006e-06,true,true,48470400.0,48470400.0,2,2,2,2,2,2.0,2,2.0,0.0,228.0,0.0,2,114,CityofLimes
2013-12-01 00:00:00 +0000,2013-12-01 00:00:00 +0000,8.510638297872341e-06,2.0922379389331006e-06,true,true,48470400.0,48470400.0,2,2,2,2,2,2.0,2,2.0,0.0,228.0,0.0,2,114,RenagadeGirl
2013-12-01 00:00:00 +0000,2013-12-01 00:00:00 +0000,8.510638297872341e-06,2.0922379389331006e-06,true,true,48470400.0,48470400.0,2,2,2,2,2,2.0,2,2.0,0.0,228.0,0.0,2,114,MalikPanama
2013-12-01 00:00:00 +0000,2013-12-01 00:00:00 +0000,8.510638297872341e-06,2.0922379389331006e-06,true,true,48470400.0,48470400.0,2,2,2,2,2,2.0,2,2.0,0.0,228.0,0.0,2,114,VictorianPrude
2013-12-01 00:00:00 +0000,2013-12-01 00:00:00 +0000,8.510638297872341e-06,2.0922379389331006e-06,true,true,48470400.0,48470400.0,2,2,2,2,2,2.0,2,2.0,0.0,228.0,0.0,2,114,blacqqueer
2013-12-01 00:00:00 +0000,2013-12-01 00:00:00 +0000,8.510638297872341e-06,2.0922379389331006e-06,true,true,48470400.0,48470400.0,2,2,2,2,2,2.0,2,2.0,0.0,228.0,0.0,2,114,ShakiraEvanz
2013-12-01 00:00:00 +0000,2013-12-01 00:00:00 +0000,8.510638297872341e-06,2.0922379389331006e-06,true,true,48470400.0,48470400.0,2,2,2,2,2,2.0,2,2.0,0.0,228.0,0.0,2,114,EnnAyTee
2013-12-01 00:00:00 +0000,2013-12-01 00:00:00 +0000,8.510638297872341e-06,2.0922379389331006e-06,true,true,48470400.0,48470400.0,2,2,2,2,2,2.0,2,2.0,0.0,228.0,0.0,2,114,AwkwardlyH
2013-12-01 00:00:00 +0000,2013-12-01 00:00:00 +0000,8.510638297872341e-06,2.0922379389331006e-06,true,true,48470400.0,48470400.0,2,2,2,2,2,2.0,2,2.0,0.0,228.0,0.0,2,114,harmonybabydoll
2013-12-01 00:00:00 +0000,2013-12-01 00:00:00 +0000,8.510638297872341e-06,2.0922379389331006e-06,true,true,48470400.0,48470400.0,2,2,2,2,2,2.0,2,2.0,0.0,228.0,0.0,2,114,ThatsMsSydney2U
2013-12-01 00:00:00 +0000,2013-12-01 00:00:00 +0000,8.510638297872341e-06,2.0922379389331006e-06,true,true,48470400.0,48470400.0,2,2,2,2,2,2.0,2,2.0,0.0,228.0,0.0,2,114,elledub_1920
2013-12-01 00:00:00 +0000,2013-12-01 00:00:00 +0000,8.510638297872341e-06,2.0922379389331006e-06,true,true,48470400.0,48470400.0,2,3,3,3,3,3.0,3,2.807017543859649,0.3946393641825263,320.0,0.15574022776238863,2,114,PrestonMitchum
2013-12-01 00:00:00 +0000,2013-12-01 00:00:00 +0000,8.510638297872341e-06,2.0922379389331006e-06,true,true,48470400.0,48470400.0,2,2,3,3,4,3.0,3,2.8333333333333335,0.6998328956767792,323.0,0.4897660818713457,2,114,BattyMamzelle
2013-12-01 00:00:00 +0000,2013-12-01 00:00:00 +0000,8.510638297872341e-06,2.0922379389331006e-06,true,true,48470400.0,48470400.0,2,2,2,2,2,2.0,2,2.0,0.0,228.0,0.0,2,114,JOURNEEE_
2013-12-01 00:00:00 +0000,2013-12-01 00:00:00 +0000,8.510638297872341e-06,2.0922379389331006e-06,true,true,48470400.0,48470400.0,2,2,2,2,2,2.0,2,2.0,0.0,228.0,0.0,2,114,TheCosby
2013-12-01 00:00:00 +0000,2013-12-01 00:00:00 +0000,8.510638297872341e-06,2.0922379389331006e-06,true,true,48470400.0,48470400.0,2,3,3,3,3,3.0,3,2.973684210526316,0.16007269816574313,339.0,0.0256232686980611,2,114,tajhntee
2013-12-01 00:00:00 +0000,2013-12-01 00:00:00 +0000,8.510638297872341e-06,2.0922379389331006e-06,true,true,48470400.0,48470400.0,2,2,2,2,2,2.0,2,2.0,0.0,228.0,0.0,2,114,CerromeRussell
2013-12-01 00:00:00 +0000,2013-12-01 00:00:00 +0000,8.510638297872341e-06,2.0922379389331006e-06,true,true,48470400.0,48470400.0,2,2,2,2,2,2.0,2,2.0,0.0,228.0,0.0,2,114,bluesaviour2091
2013-12-01 00:00:00 +0000,2013-12-01 00:00:00 +0000,8.510638297872341e-06,2.0922379389331006e-06,true,true,48470400.0,48470400.0,2,2,2,2,2,2.0,2,2.0,0.0,228.0,0.0,2,114,shaileygb
2013-12-01 00:00:00 +0000,2013-12-01 00:00:00 +0000,8.510638297872341e-06,2.0922379389331006e-06,true,true,48470400.0,48470400.0,2,2,2,2,2,2.0,2,2.0,0.0,228.0,0.0,2,114,NebetShar
2013-12-01 00:00:00 +0000,2013-12-01 00:00:00 +0000,8.510638297872341e-06,2.0922379389331006e-06,true,true,48470400.0,48470400.0,2,2,2,2,2,2.0,2,2.0,0.0,228.0,0.0,2,114,imaginel0v3
2013-12-01 00:00:00 +0000,2013-12-01 00:00:00 +0000,8.510638297872341e-06,2.0922379389331006e-06,true,true,48470400.0,48470400.0,2,3,3,3,3,3.0,3,2.991228070175439,0.0932468930941633,341.0,0.00869498307171432,2,114,randomjeweler
2013-12-01 00:00:00 +0000,2013-12-01 00:00:00 +0000,8.510638297872341e-06,2.0922379389331006e-06,true,true,48470400.0,48470400.0,2,4,4,4,4,4.0,4,3.982456140350877,0.18649378618832776,454.0,0.03477993228685771,4,114,bomani_jones
2013-12-01 00:00:00 +0000,2013-12-01 00:00:00 +0000,8.510638297872341e-06,2.0922379389331006e-06,true,true,48470400.0,48470400.0,2,2,2,2,2,2.0,2,2.0,0.0,228.0,0.0,2,114,NewEnglandite
2013-12-01 00:00:00 +0000,2013-12-01 00:00:00 +0000,8.510638297872341e-06,2.0922379389331006e-06,true,true,48470400.0,48470400.0,1,2,2,2,2,2.0,2,1.9912280701754386,0.09324689309416388,227.0,0.008694983071714428,2,114,allcurledup
2013-12-01 00:00:00 +0000,2013-12-01 00:00:00 +0000,8.510638297872341e-06,2.0922379389331006e-06,true,true,48470400.0,48470400.0,1,1,1,1,1,1.0,1,1.0,0.0,114.0,0.0,1,114,PlayVicious
2013-12-01 00:00:00 +0000,2013-12-01 00:00:00 +0000,8.510638297872341e-06,2.0922379389331006e-06,true,true,48470400.0,48470400.0,1,2,2,2,2,2.0,2,1.9912280701754386,0.09324689309416388,227.0,0.008694983071714428,2,114,MrNarkoleptik
2013-12-01 00:00:00 +0000,2013-12-01 00:00:00 +0000,8.510638297872341e-06,2.0922379389331006e-06,true,true,48470400.0,48470400.0,1,1,1,1,1,1.0,1,1.0,0.0,114.0,0.0,1,114,_Victorious_One
2013-12-01 00:00:00 +0000,2013-12-01 00:00:00 +0000,8.510638297872341e-06,2.0922379389331006e-06,true,true,48470400.0,48470400.0,1,1,1,1,1,1.0,1,1.0,0.0,114.0,0.0,1,114,CharleneCac
2013-12-01 00:00:00 +0000,2013-12-01 00:00:00 +0000,8.510638297872341e-06,2.0922379389331006e-06,true,true,48470400.0,48470400.0,1,1,1,1,1,1.0,1,1.0,0.0,114.0,0.0,1,114,reynoldsknott
2013-12-01 00:00:00 +0000,2013-12-01 00:00:00 +0000,8.510638297872341e-06,2.0922379389331006e-06,true,true,48470400.0,48470400.0,1,1,1,1,1,1.0,1,1.0,0.0,114.0,0.0,1,114,esposa_de_oliva
2013-12-01 00:00:00 +0000,2013-12-01 00:00:00 +0000,8.510638297872341e-06,2.0922379389331006e-06,true,true,48470400.0,48470400.0,1,2,2,2,2,2.0,2,1.9912280701754386,0.09324689309416388,227.0,0.008694983071714428,2,114,TheBlackGuyX
2013-12-01 00:00:00 +0000,2013-12-01 00:00:00 +0000,8.510638297872341e-06,2.0922379389331006e-06,true,true,48470400.0,48470400.0,1,1,1,1,1,1.0,1,1.0,0.0,114.0,0.0,1,114,ZZon_top
2013-12-01 00:00:00 +0000,2013-12-01 00:00:00 +0000,8.510638297872341e-06,2.0922379389331006e-06,true,true,48470400.0,48470400.0,1,2,2,2,2,2.0,2,1.9912280701754386,0.09324689309416388,227.0,0.008694983071714428,2,114,debzalebz
2013-12-01 00:00:00 +0000,2013-12-01 00:00:00 +0000,8.510638297872341e-06,2.0922379389331006e-06,true,true,48470400.0,48470400.0,1,5,5,5,5,5.0,5,4.964912280701754,0.37298757237665553,566.0,0.13911972914743084,5,114,wizdom4you
2013-12-01 00:00:00 +0000,2013-12-01 00:00:00 +0000,8.510638297872341e-06,2.0922379389331006e-06,true,true,48470400.0,48470400.0,1,1,1,1,1,1.0,1,1.0,0.0,114.0,0.0,1,114,ChrisB06
2013-12-01 00:00:00 +0000,2013-12-01 00:00:00 +0000,8.510638297872341e-06,2.0922379389331006e-06,true,true,48470400.0,48470400.0,1,1,1,1,1,1.0,1,1.0,0.0,114.0,0.0,1,114,Jbrous14
2013-12-01 00:00:00 +0000,2013-12-01 00:00:00 +0000,8.510638297872341e-06,2.0922379389331006e-06,true,true,48470400.0,48470400.0,1,1,1,1,1,1.0,1,1.0,0.0,114.0,0.0,1,114,JenySoldaty
2013-12-01 00:00:00 +0000,2013-12-01 00:00:00 +0000,8.510638297872341e-06,2.0922379389331006e-06,true,true,48470400.0,48470400.0,1,1,1,1,1,1.0,1,1.0,0.0,114.0,0.0,1,114,Hacker4rt
2013-12-01 00:00:00 +0000,2013-12-01 00:00:00 +0000,8.510638297872341e-06,2.0922379389331006e-06,true,true,48470400.0,48470400.0,1,1,1,1,2,1.0,1,1.1929824561403508,0.394639364182526,136.0,0.15574022776238836,2,114,MabintyQ
2013-12-01 00:00:00 +0000,2013-12-01 00:00:00 +0000,8.510638297872341e-06,2.0922379389331006e-06,true,true,48470400.0,48470400.0,1,1,1,1,1,1.0,1,1.0,0.0,114.0,0.0,1,114,BakerBone
2013-12-01 00:00:00 +0000,2013-12-01 00:00:00 +0000,8.510638297872341e-06,2.0922379389331006e-06,true,true,48470400.0,48470400.0,1,1,1,1,1,1.0,1,1.0,0.0,114.0,0.0,1,114,HerLastKing
2013-12-01 00:00:00 +0000,2013-12-01 00:00:00 +0000,8.510638297872341e-06,2.0922379389331006e-06,true,true,48470400.0,48470400.0,1,1,1,1,1,1.0,1,1.0,0.0,114.0,0.0,1,114,LeDickBaptizer
2013-12-01 00:00:00 +0000,2013-12-01 00:00:00 +0000,8.510638297872341e-06,2.0922379389331006e-06,true,true,48470400.0,48470400.0,1,1,1,1,1,1.0,1,1.0,0.0,114.0,0.0,1,114,laviyah
2013-12-01 00:00:00 +0000,2013-12-01 00:00:00 +0000,8.510638297872341e-06,2.0922379389331006e-06,true,true,48470400.0,48470400.0,1,1,1,1,1,1.0,1,1.0,0.0,114.0,0.0,1,114,limembo
2013-12-01 00:00:00 +0000,2013-12-01 00:00:00 +0000,8.510638297872341e-06,2.0922379389331006e-06,true,true,48470400.0,48470400.0,1,1,1,1,1,1.0,1,1.0,0.0,114.0,0.0,1,114,WordsWithDes
2013-12-01 00:00:00 +0000,2013-12-01 00:00:00 +0000,8.510638297872341e-06,2.0922379389331006e-06,true,true,48470400.0,48470400.0,1,1,1,1,1,1.0,1,1.0,0.0,114.0,0.0,1,114,saraellis
2013-12-01 00:00:00 +0000,2013-12-01 00:00:00 +0000,8.510638297872341e-06,2.0922379389331006e-06,true,true,48470400.0,48470400.0,1,1,1,1,1,1.0,1,1.0,0.0,114.0,0.0,1,114,ASK__Mimi
2013-12-01 00:00:00 +0000,2013-12-01 00:00:00 +0000,8.510638297872341e-06,2.0922379389331006e-06,true,true,48470400.0,48470400.0,1,1,1,1,1,1.0,1,1.0,0.0,114.0,0.0,1,114,Joe_KHool
2013-12-01 00:00:00 +0000,2013-12-01 00:00:00 +0000,8.510638297872341e-06,2.0922379389331006e-06,true,true,48470400.0,48470400.0,1,1,1,1,1,1.0,1,1.0,0.0,114.0,0.0,1,114,Callme__Jaz
2013-12-01 00:00:00 +0000,2013-12-01 00:00:00 +0000,8.510638297872341e-06,2.0922379389331006e-06,true,true,48470400.0,48470400.0,1,1,1,1,1,1.0,1,1.0,0.0,114.0,0.0,1,114,evolving_
2013-12-01 00:00:00 +0000,2013-12-01 00:00:00 +0000,8.510638297872341e-06,2.0922379389331006e-06,true,true,48470400.0,48470400.0,1,1,1,1,1,1.0,1,1.0,0.0,114.0,0.0,1,114,NegroDaria
2013-12-01 00:00:00 +0000,2013-12-01 00:00:00 +0000,8.510638297872341e-06,2.0922379389331006e-06,true,true,48470400.0,48470400.0,1,1,1,1,1,1.0,1,1.0,0.0,114.0,0.0,1,114,Ti_AiR_RAH_ism
2013-12-01 00:00:00 +0000,2013-12-01 00:00:00 +0000,8.510638297872341e-06,2.0922379389331006e-06,true,true,48470400.0,48470400.0,1,1,1,1,1,1.0,1,1.0,0.0,114.0,0.0,1,114,dwalton1
2013-12-01 00:00:00 +0000,2013-12-01 00:00:00 +0000,8.510638297872341e-06,2.0922379389331006e-06,true,true,48470400.0,48470400.0,1,1,1,1,1,1.0,1,1.0,0.0,114.0,0.0,1,114,princss6
2013-12-01 00:00:00 +0000,2013-12-01 00:00:00 +0000,8.510638297872341e-06,2.0922379389331006e-06,true,true,48470400.0,48470400.0,1,4,4,4,4,4.0,4,3.780701754385965,0.4913063847347512,431.0,0.24138196368113135,4,114,mujer_cita_MIA
2013-12-01 00:00:00 +0000,2013-12-01 00:00:00 +0000,8.510638297872341e-06,2.0922379389331006e-06,true,true,48470400.0,48470400.0,1,1,1,1,1,1.0,1,1.0,0.0,114.0,0.0,1,114,Bellos_Angeles
2013-12-01 00:00:00 +0000,2013-12-01 00:00:00 +0000,8.510638297872341e-06,2.0922379389331006e-06,true,true,48470400.0,48470400.0,1,1,1,1,1,1.0,1,1.0,0.0,114.0,0.0,1,114,nicapamela
2013-12-01 00:00:00 +0000,2013-12-01 00:00:00 +0000,8.510638297872341e-06,2.0922379389331006e-06,true,true,48470400.0,48470400.0,1,1,1,1,1,1.0,1,1.0,0.0,114.0,0.0,1,114,juniewrites
2013-12-01 00:00:00 +0000,2013-12-01 00:00:00 +0000,8.510638297872341e-06,2.0922379389331006e-06,true,true,48470400.0,48470400.0,1,1,1,1,1,1.0,1,1.0,0.0,114.0,0.0,1,114,corvida
2013-12-01 00:00:00 +0000,2013-12-01 00:00:00 +0000,8.510638297872341e-06,2.0922379389331006e-06,true,true,48470400.0,48470400.0,1,1,1,1,1,1.0,1,1.0,0.0,114.0,0.0,1,114,C_Michele1L
2013-12-01 00:00:00 +0000,2013-12-01 00:00:00 +0000,8.510638297872341e-06,2.0922379389331006e-06,true,true,48470400.0,48470400.0,1,1,1,1,1,1.0,1,1.0,0.0,114.0,0.0,1,114,GeeeKayGeee
2013-12-01 00:00:00 +0000,2013-12-01 00:00:00 +0000,8.510638297872341e-06,2.0922379389331006e-06,true,true,48470400.0,48470400.0,1,1,1,1,1,1.0,1,1.0,0.0,114.0,0.0,1,114,JONELLEEEE
2013-12-01 00:00:00 +0000,2013-12-01 00:00:00 +0000,8.510638297872341e-06,2.0922379389331006e-06,true,true,48470400.0,48470400.0,1,1,1,1,1,1.0,1,1.0,0.0,114.0,0.0,1,114,QuadCityPat
2013-12-01 00:00:00 +0000,2013-12-01 00:00:00 +0000,8.510638297872341e-06,2.0922379389331006e-06,true,true,48470400.0,48470400.0,1,1,1,1,1,1.0,1,1.0,0.0,114.0,0.0,1,114,amirightfolksI
2013-12-01 00:00:00 +0000,2013-12-01 00:00:00 +0000,8.510638297872341e-06,2.0922379389331006e-06,true,true,48470400.0,48470400.0,1,1,1,1,1,1.0,1,1.0,0.0,114.0,0.0,1,114,chichitwotimes
2013-12-01 00:00:00 +0000,2013-12-01 00:00:00 +0000,8.510638297872341e-06,2.0922379389331006e-06,true,true,48470400.0,48470400.0,1,1,1,1,1,1.0,1,1.0,0.0,114.0,0.0,1,114,NYDailyNews
2013-12-01 00:00:00 +0000,2013-12-01 00:00:00 +0000,8.510638297872341e-06,2.0922379389331006e-06,true,true,48470400.0,48470400.0,1,1,1,1,1,1.0,1,1.0,0.0,114.0,0.0,1,114,SheIsMoxie
2013-12-01 00:00:00 +0000,2013-12-01 00:00:00 +0000,8.510638297872341e-06,2.0922379389331006e-06,true,true,48470400.0,48470400.0,1,1,1,1,1,1.0,1,1.0,0.0,114.0,0.0,1,114,NaijaBeatBox
2013-12-01 00:00:00 +0000,2013-12-01 00:00:00 +0000,8.510638297872341e-06,2.0922379389331006e-06,true,true,48470400.0,48470400.0,1,1,3,3,3,3.0,3,2.482456140350877,0.8708984687167487,283.0,0.7584641428131778,3,114,lesellele
2013-12-01 00:00:00 +0000,2013-12-01 00:00:00 +0000,8.510638297872341e-06,2.0922379389331006e-06,true,true,48470400.0,48470400.0,1,1,1,1,1,1.0,1,1.0,0.0,114.0,0.0,1,114,LivingMySomeday
2013-12-01 00:00:00 +0000,2013-12-01 00:00:00 +0000,8.510638297872341e-06,2.0922379389331006e-06,true,true,48470400.0,48470400.0,1,1,1,1,1,1.0,1,1.0,0.0,114.0,0.0,1,114,HelloImJai
2013-12-01 00:00:00 +0000,2013-12-01 00:00:00 +0000,8.510638297872341e-06,2.0922379389331006e-06,true,true,48470400.0,48470400.0,1,1,1,1,1,1.0,1,1.0,0.0,114.0,0.0,1,114,efevans
2013-12-01 00:00:00 +0000,2013-12-01 00:00:00 +0000,8.510638297872341e-06,2.0922379389331006e-06,true,true,48470400.0,48470400.0,1,1,1,1,1,1.0,1,1.0,0.0,114.0,0.0,1,114,pegaita
2013-12-01 00:00:00 +0000,2013-12-01 00:00:00 +0000,8.510638297872341e-06,2.0922379389331006e-06,true,true,48470400.0,48470400.0,1,1,1,1,1,1.0,1,1.0,0.0,114.0,0.0,1,114,profblmkelley
2013-12-01 00:00:00 +0000,2013-12-01 00:00:00 +0000,8.510638297872341e-06,2.0922379389331006e-06,true,true,48470400.0,48470400.0,1,1,1,1,1,1.0,1,1.0,0.0,114.0,0.0,1,114,brooklynAllie
2013-12-01 00:00:00 +0000,2013-12-01 00:00:00 +0000,8.510638297872341e-06,2.0922379389331006e-06,true,true,48470400.0,48470400.0,1,1,1,1,2,1.0,1,1.236842105263158,0.4251445900369345,141.0,0.1807479224376731,2,114,popelizbet
2013-12-01 00:00:00 +0000,2013-12-01 00:00:00 +0000,8.510638297872341e-06,2.0922379389331006e-06,true,true,48470400.0,48470400.0,1,1,1,1,1,1.0,1,1.0,0.0,114.0,0.0,1,114,BrittanyHoskin
2013-12-01 00:00:00 +0000,2013-12-01 00:00:00 +0000,8.510638297872341e-06,2.0922379389331006e-06,true,true,48470400.0,48470400.0,1,1,1,1,1,1.0,1,1.0,0.0,114.0,0.0,1,114,groovy_teen
2013-12-01 00:00:00 +0000,2013-12-01 00:00:00 +0000,8.510638297872341e-06,2.0922379389331006e-06,true,true,48470400.0,48470400.0,1,1,1,1,1,1.0,1,1.0,0.0,114.0,0.0,1,114,DND_Officially
2013-12-01 00:00:00 +0000,2013-12-01 00:00:00 +0000,8.510638297872341e-06,2.0922379389331006e-06,true,true,48470400.0,48470400.0,1,1,1,1,1,1.0,1,1.0,0.0,114.0,0.0,1,114,spikelee
2013-12-01 00:00:00 +0000,2013-12-01 00:00:00 +0000,8.510638297872341e-06,2.0922379389331006e-06,true,true,48470400.0,48470400.0,1,1,1,1,1,1.0,1,1.0,0.0,114.0,0.0,1,114,LastCharmander
2013-12-01 00:00:00 +0000,2013-12-01 00:00:00 +0000,8.510638297872341e-06,2.0922379389331006e-06,true,true,48470400.0,48470400.0,1,2,2,2,2,2.0,2,1.9912280701754386,0.09324689309416388,227.0,0.008694983071714428,2,114,_PhantomMenace
2013-12-01 00:00:00 +0000,2013-12-01 00:00:00 +0000,8.510638297872341e-06,2.0922379389331006e-06,true,true,48470400.0,48470400.0,1,1,1,1,1,1.0,1,1.0,0.0,114.0,0.0,1,114,huny
2013-12-01 00:00:00 +0000,2013-12-01 00:00:00 +0000,8.510638297872341e-06,2.0922379389331006e-06,true,true,48470400.0,48470400.0,1,1,1,1,1,1.0,1,1.0,0.0,114.0,0.0,1,114,TiaDeShay
2013-12-01 00:00:00 +0000,2013-12-01 00:00:00 +0000,8.510638297872341e-06,2.0922379389331006e-06,true,true,48470400.0,48470400.0,1,1,1,1,1,1.0,1,1.0,0.0,114.0,0.0,1,114,CharLoveMusic
2013-12-01 00:00:00 +0000,2013-12-01 00:00:00 +0000,8.510638297872341e-06,2.0922379389331006e-06,true,true,48470400.0,48470400.0,1,5,5,5,5,5.0,5,4.964912280701754,0.37298757237665553,566.0,0.13911972914743084,5,114,blkontherunway
2013-12-01 00:00:00 +0000,2013-12-01 00:00:00 +0000,8.510638297872341e-06,2.0922379389331006e-06,true,true,48470400.0,48470400.0,1,1,1,1,1,1.0,1,1.0,0.0,114.0,0.0,1,114,thebrandiray
2013-12-01 00:00:00 +0000,2013-12-01 00:00:00 +0000,8.510638297872341e-06,2.0922379389331006e-06,true,true,48470400.0,48470400.0,1,1,1,1,1,1.0,1,1.0,0.0,114.0,0.0,1,114,BooksNHipsLegit
2013-12-01 00:00:00 +0000,2013-12-01 00:00:00 +0000,8.510638297872341e-06,2.0922379389331006e-06,true,true,48470400.0,48470400.0,1,1,1,1,1,1.0,1,1.0,0.0,114.0,0.0,1,114,GabrielleAmour
2013-12-01 00:00:00 +0000,2013-12-01 00:00:00 +0000,8.510638297872341e-06,2.0922379389331006e-06,true,true,48470400.0,48470400.0,1,1,1,1,1,1.0,1,1.0,0.0,114.0,0.0,1,114,IntrospectiveNM
2013-12-01 00:00:00 +0000,2013-12-01 00:00:00 +0000,8.510638297872341e-06,2.0922379389331006e-06,true,true,48470400.0,48470400.0,1,1,1,1,1,1.0,1,1.0,0.0,114.0,0.0,1,114,myzzdiamant
2013-12-01 00:00:00 +0000,2013-12-01 00:00:00 +0000,8.510638297872341e-06,2.0922379389331006e-06,true,true,48470400.0,48470400.0,1,1,1,1,1,1.0,1,1.0,0.0,114.0,0.0,1,114,SOCKSnFLOPS
2013-12-01 00:00:00 +0000,2013-12-01 00:00:00 +0000,8.510638297872341e-06,2.0922379389331006e-06,true,true,48470400.0,48470400.0,1,1,1,1,1,1.0,1,1.0,0.0,114.0,0.0,1,114,gots2bCDJ
2013-12-01 00:00:00 +0000,2013-12-01 00:00:00 +0000,8.510638297872341e-06,2.0922379389331006e-06,true,true,48470400.0,48470400.0,1,1,1,1,1,1.0,1,1.0,0.0,114.0,0.0,1,114,radicallatina
2013-12-01 00:00:00 +0000,2013-12-01 00:00:00 +0000,8.510638297872341e-06,2.0922379389331006e-06,true,true,48470400.0,48470400.0,1,1,1,1,1,1.0,1,1.0,0.0,114.0,0.0,1,114,HughJunior89
2013-12-01 00:00:00 +0000,2013-12-01 00:00:00 +0000,8.510638297872341e-06,2.0922379389331006e-06,true,true,48470400.0,48470400.0,1,1,1,1,1,1.0,1,1.0,0.0,114.0,0.0,1,114,amazonamandinga
2013-12-01 00:00:00 +0000,2013-12-01 00:00:00 +0000,8.510638297872341e-06,2.0922379389331006e-06,true,true,48470400.0,48470400.0,1,1,1,1,1,1.0,1,1.0,0.0,114.0,0.0,1,114,angry_african1
2013-12-01 00:00:00 +0000,2013-12-01 00:00:00 +0000,8.510638297872341e-06,2.0922379389331006e-06,true,true,48470400.0,48470400.0,1,1,1,1,1,1.0,1,1.0,0.0,114.0,0.0,1,114,MrsJellySantos
2013-12-01 00:00:00 +0000,2013-12-01 00:00:00 +0000,8.510638297872341e-06,2.0922379389331006e-06,true,true,48470400.0,48470400.0,1,1,1,1,1,1.0,1,1.0,0.0,114.0,0.0,1,114,jaslise_
2013-12-01 00:00:00 +0000,2013-12-01 00:00:00 +0000,8.510638297872341e-06,2.0922379389331006e-06,true,true,48470400.0,48470400.0,1,1,1,1,1,1.0,1,1.0,0.0,114.0,0.0,1,114,daniecal
2013-12-01 00:00:00 +0000,2013-12-01 00:00:00 +0000,8.510638297872341e-06,2.0922379389331006e-06,true,true,48470400.0,48470400.0,1,1,1,1,1,1.0,1,1.0,0.0,114.0,0.0,1,114,therainebeaux
2013-12-01 00:00:00 +0000,2013-12-01 00:00:00 +0000,8.510638297872341e-06,2.0922379389331006e-06,true,true,48470400.0,48470400.0,1,1,1,1,1,1.0,1,1.0,0.0,114.0,0.0,1,114,A_dangerousMind
2013-12-01 00:00:00 +0000,2013-12-01 00:00:00 +0000,8.510638297872341e-06,2.0922379389331006e-06,true,true,48470400.0,48470400.0,1,1,1,1,1,1.0,1,1.0,0.0,114.0,0.0,1,114,zorganizrcurtis
2013-12-01 00:00:00 +0000,2013-12-01 00:00:00 +0000,8.510638297872341e-06,2.0922379389331006e-06,true,true,48470400.0,48470400.0,1,1,1,1,1,1.0,1,1.0,0.0,114.0,0.0,1,114,YAYAsmeen
2013-12-01 00:00:00 +0000,2013-12-01 00:00:00 +0000,8.510638297872341e-06,2.0922379389331006e-06,true,true,48470400.0,48470400.0,1,1,1,1,1,1.0,1,1.0,0.0,114.0,0.0,1,114,KrissMissKross
2013-12-01 00:00:00 +0000,2013-12-01 00:00:00 +0000,8.510638297872341e-06,2.0922379389331006e-06,true,true,48470400.0,48470400.0,1,1,1,1,1,1.0,1,1.0,0.0,114.0,0.0,1,114,toflowdown
2013-12-01 00:00:00 +0000,2013-12-01 00:00:00 +0000,8.510638297872341e-06,2.0922379389331006e-06,true,true,48470400.0,48470400.0,1,2,2,2,2,2.0,2,1.9824561403508771,0.13128622409733126,226.0,0.017236072637734683,2,114,BougieLa
2013-12-01 00:00:00 +0000,2013-12-01 00:00:00 +0000,8.510638297872341e-06,2.0922379389331006e-06,true,true,48470400.0,48470400.0,1,1,1,1,1,1.0,1,1.0,0.0,114.0,0.0,1,114,DatGirl_ICEY
2013-12-01 00:00:00 +0000,2013-12-01 00:00:00 +0000,8.510638297872341e-06,2.0922379389331006e-06,true,true,48470400.0,48470400.0,1,1,1,1,1,1.0,1,1.0,0.0,114.0,0.0,1,114,admstowers
2013-12-01 00:00:00 +0000,2013-12-01 00:00:00 +0000,8.510638297872341e-06,2.0922379389331006e-06,true,true,48470400.0,48470400.0,1,1,1,1,1,1.0,1,1.0,0.0,114.0,0.0,1,114,alyatym
2013-12-01 00:00:00 +0000,2013-12-01 00:00:00 +0000,8.510638297872341e-06,2.0922379389331006e-06,true,true,48470400.0,48470400.0,1,1,1,1,1,1.0,1,1.0,0.0,114.0,0.0,1,114,IamAgriot
2013-12-01 00:00:00 +0000,2013-12-01 00:00:00 +0000,8.510638297872341e-06,2.0922379389331006e-06,true,true,48470400.0,48470400.0,1,1,1,1,1,1.0,1,1.0,0.0,114.0,0.0,1,114,kiernamayo
2013-12-01 00:00:00 +0000,2013-12-01 00:00:00 +0000,8.510638297872341e-06,2.0922379389331006e-06,true,true,48470400.0,48470400.0,1,1,1,1,1,1.0,1,1.0,0.0,114.0,0.0,1,114,HolzmanTweed
2013-12-01 00:00:00 +0000,2013-12-01 00:00:00 +0000,8.510638297872341e-06,2.0922379389331006e-06,true,true,48470400.0,48470400.0,1,1,1,1,1,1.0,1,1.0,0.0,114.0,0.0,1,114,ChuysTacos
2013-12-01 00:00:00 +0000,2013-12-01 00:00:00 +0000,8.510638297872341e-06,2.0922379389331006e-06,true,true,48470400.0,48470400.0,1,1,1,1,1,1.0,1,1.0,0.0,114.0,0.0,1,114,TeriAmour
2013-12-01 00:00:00 +0000,2013-12-01 00:00:00 +0000,8.510638297872341e-06,2.0922379389331006e-06,true,true,48470400.0,48470400.0,1,1,1,1,1,1.0,1,1.0,0.0,114.0,0.0,1,114,cultA_KlAsh
2013-12-01 00:00:00 +0000,2013-12-01 00:00:00 +0000,8.510638297872341e-06,2.0922379389331006e-06,true,true,48470400.0,48470400.0,1,1,1,1,1,1.0,1,1.0,0.0,114.0,0.0,1,114,GiaShakur
2013-12-01 00:00:00 +0000,2013-12-01 00:00:00 +0000,8.510638297872341e-06,2.0922379389331006e-06,true,true,48470400.0,48470400.0,1,1,1,1,1,1.0,1,1.0,0.0,114.0,0.0,1,114,Duanecia
2013-12-01 00:00:00 +0000,2013-12-01 00:00:00 +0000,8.510638297872341e-06,2.0922379389331006e-06,true,true,48470400.0,48470400.0,1,1,1,1,1,1.0,1,1.0,0.0,114.0,0.0,1,114,RCHashingLetras
2013-12-01 00:00:00 +0000,2013-12-01 00:00:00 +0000,8.510638297872341e-06,2.0922379389331006e-06,true,true,48470400.0,48470400.0,1,1,1,1,1,1.0,1,1.0,0.0,114.0,0.0,1,114,MsZanna
2013-12-01 00:00:00 +0000,2013-12-01 00:00:00 +0000,8.510638297872341e-06,2.0922379389331006e-06,true,true,48470400.0,48470400.0,1,2,2,2,2,2.0,2,1.8859649122807018,0.3178538759998837,215.0,0.10103108648814943,2,114,radrebellion
2013-12-01 00:00:00 +0000,2013-12-01 00:00:00 +0000,8.510638297872341e-06,2.0922379389331006e-06,true,true,48470400.0,48470400.0,1,1,1,1,1,1.0,1,1.0,0.0,114.0,0.0,1,114,NaniCoolJ
2013-12-01 00:00:00 +0000,2013-12-01 00:00:00 +0000,8.510638297872341e-06,2.0922379389331006e-06,true,true,48470400.0,48470400.0,1,1,1,1,1,1.0,1,1.0,0.0,114.0,0.0,1,114,baduist
2013-12-01 00:00:00 +0000,2013-12-01 00:00:00 +0000,8.510638297872341e-06,2.0922379389331006e-06,true,true,48470400.0,48470400.0,1,1,1,1,1,1.0,1,1.0,0.0,114.0,0.0,1,114,WhoTrendedIT
2013-12-01 00:00:00 +0000,2013-12-01 00:00:00 +0000,8.510638297872341e-06,2.0922379389331006e-06,true,true,48470400.0,48470400.0,1,1,1,1,1,1.0,1,1.0,0.0,114.0,0.0,1,114,TheToast2013
2013-12-01 00:00:00 +0000,2013-12-01 00:00:00 +0000,8.510638297872341e-06,2.0922379389331006e-06,true,true,48470400.0,48470400.0,1,1,1,1,1,1.0,1,1.0,0.0,114.0,0.0,1,114,skeskali
2013-12-01 00:00:00 +0000,2013-12-01 00:00:00 +0000,8.510638297872341e-06,2.0922379389331006e-06,true,true,48470400.0,48470400.0,1,2,2,2,3,2.0,2,2.1842105263157894,0.4096594536433549,249.0,0.16782086795937204,3,114,lizzwinstead
2013-12-01 00:00:00 +0000,2013-12-01 00:00:00 +0000,8.510638297872341e-06,2.0922379389331006e-06,true,true,48470400.0,48470400.0,1,1,1,1,1,1.0,1,1.0,0.0,114.0,0.0,1,114,ArmedPropaganda
2013-12-01 00:00:00 +0000,2013-12-01 00:00:00 +0000,8.510638297872341e-06,2.0922379389331006e-06,true,true,48470400.0,48470400.0,1,1,1,1,1,1.0,1,1.0,0.0,114.0,0.0,1,114,1YANGAwakening
2013-12-01 00:00:00 +0000,2013-12-01 00:00:00 +0000,8.510638297872341e-06,2.0922379389331006e-06,true,true,48470400.0,48470400.0,1,1,1,1,1,1.0,1,1.0,0.0,114.0,0.0,1,114,BuzzFeed
2013-12-01 00:00:00 +0000,2013-12-01 00:00:00 +0000,8.510638297872341e-06,2.0922379389331006e-06,true,true,48470400.0,48470400.0,1,4,4,4,4,4.0,4,3.9210526315789473,0.48021809449722835,447.0,0.23060941828254897,4,114,Jezebel
2013-12-01 00:00:00 +0000,2013-12-01 00:00:00 +0000,8.510638297872341e-06,2.0922379389331006e-06,true,true,48470400.0,48470400.0,1,1,1,1,1,1.0,1,1.0,0.0,114.0,0.0,1,114,Salon
2013-12-01 00:00:00 +0000,2013-12-01 00:00:00 +0000,8.510638297872341e-06,2.0922379389331006e-06,true,true,48470400.0,48470400.0,1,1,1,1,1,1.0,1,1.0,0.0,114.0,0.0,1,114,ModaObsesionada
2013-12-01 00:00:00 +0000,2013-12-01 00:00:00 +0000,8.510638297872341e-06,2.0922379389331006e-06,true,true,48470400.0,48470400.0,1,1,1,1,1,1.0,1,1.0,0.0,114.0,0.0,1,114,water_Dre
2013-12-01 00:00:00 +0000,2013-12-01 00:00:00 +0000,8.510638297872341e-06,2.0922379389331006e-06,true,true,48470400.0,48470400.0,1,1,1,1,1,1.0,1,1.0,0.0,114.0,0.0,1,114,NotRichButPAID_
2013-12-01 00:00:00 +0000,2013-12-01 00:00:00 +0000,8.510638297872341e-06,2.0922379389331006e-06,true,true,48470400.0,48470400.0,1,1,1,1,1,1.0,1,1.0,0.0,114.0,0.0,1,114,dou_dc
2013-12-01 00:00:00 +0000,2013-12-01 00:00:00 +0000,8.510638297872341e-06,2.0922379389331006e-06,true,true,48470400.0,48470400.0,1,1,1,1,1,1.0,1,1.0,0.0,114.0,0.0,1,114,WhatAPriss
2013-12-01 00:00:00 +0000,2013-12-01 00:00:00 +0000,8.510638297872341e-06,2.0922379389331006e-06,true,true,48470400.0,48470400.0,1,1,1,1,1,1.0,1,1.0,0.0,114.0,0.0,1,114,CeeNCrumpets
2013-12-01 00:00:00 +0000,2013-12-01 00:00:00 +0000,8.510638297872341e-06,2.0922379389331006e-06,true,true,48470400.0,48470400.0,1,1,1,1,1,1.0,1,1.0,0.0,114.0,0.0,1,114,SaudaAinra
2013-12-01 00:00:00 +0000,2013-12-01 00:00:00 +0000,8.510638297872341e-06,2.0922379389331006e-06,true,true,48470400.0,48470400.0,1,1,1,1,1,1.0,1,1.0,0.0,114.0,0.0,1,114,CelsaLSnead
2013-12-01 00:00:00 +0000,2013-12-01 00:00:00 +0000,8.510638297872341e-06,2.0922379389331006e-06,true,true,48470400.0,48470400.0,1,4,4,4,4,4.0,4,3.8947368421052633,0.40541122836109866,444.0,0.16435826408125487,4,114,hoodfeminism
2013-12-01 00:00:00 +0000,2013-12-01 00:00:00 +0000,8.510638297872341e-06,2.0922379389331006e-06,true,true,48470400.0,48470400.0,1,1,1,1,1,1.0,1,1.0,0.0,114.0,0.0,1,114,claireOT
2013-12-01 00:00:00 +0000,2013-12-01 00:00:00 +0000,8.510638297872341e-06,2.0922379389331006e-06,true,true,48470400.0,48470400.0,1,1,1,1,1,1.0,1,1.0,0.0,114.0,0.0,1,114,JuneMo41
2013-12-01 00:00:00 +0000,2013-12-01 00:00:00 +0000,8.510638297872341e-06,2.0922379389331006e-06,true,true,48470400.0,48470400.0,1,1,1,1,1,1.0,1,1.0,0.0,114.0,0.0,1,114,Its_JustJessica
2013-12-01 00:00:00 +0000,2013-12-01 00:00:00 +0000,8.510638297872341e-06,2.0922379389331006e-06,true,true,48470400.0,48470400.0,1,2,2,2,2,2.0,2,1.9912280701754386,0.09324689309416388,227.0,0.008694983071714428,2,114,SumKindaWndrful
2013-12-01 00:00:00 +0000,2013-12-01 00:00:00 +0000,8.510638297872341e-06,2.0922379389331006e-06,true,true,48470400.0,48470400.0,1,1,1,1,1,1.0,1,1.0,0.0,114.0,0.0,1,114,Colormecosmoyo
2013-12-01 00:00:00 +0000,2013-12-01 00:00:00 +0000,8.510638297872341e-06,2.0922379389331006e-06,true,true,48470400.0,48470400.0,1,1,1,1,1,1.0,1,1.0,0.0,114.0,0.0,1,114,NTRL_WMN
2013-12-01 00:00:00 +0000,2013-12-01 00:00:00 +0000,8.510638297872341e-06,2.0922379389331006e-06,true,true,48470400.0,48470400.0,1,1,1,1,1,1.0,1,1.0,0.0,114.0,0.0,1,114,LissaLaneous
2013-12-01 00:00:00 +0000,2013-12-01 00:00:00 +0000,8.510638297872341e-06,2.0922379389331006e-06,true,true,48470400.0,48470400.0,1,1,1,1,1,1.0,1,1.0,0.0,114.0,0.0,1,114,Future_Dr_Buggs
2013-12-01 00:00:00 +0000,2013-12-01 00:00:00 +0000,8.510638297872341e-06,2.0922379389331006e-06,true,true,48470400.0,48470400.0,1,1,1,1,1,1.0,1,1.0,0.0,114.0,0.0,1,114,_peech
2013-12-01 00:00:00 +0000,2013-12-01 00:00:00 +0000,8.510638297872341e-06,2.0922379389331006e-06,true,true,48470400.0,48470400.0,1,1,1,1,1,1.0,1,1.0,0.0,114.0,0.0,1,114,ladyjax
2013-12-02 00:00:00 +0000,2013-12-02 00:00:00 +0000,8.510638297872341e-06,2.0922379389331006e-06,true,true,48384000.0,48384000.0,9,9,9,9,9,9,9,9.0,0.0,1017.0,0.0,9,113,AfroSinTrick
2013-12-02 00:00:00 +0000,2013-12-02 00:00:00 +0000,8.510638297872341e-06,2.0922379389331006e-06,true,true,48384000.0,48384000.0,5,5,5,5,5,5,5,5.0,0.0,565.0,0.0,5,113,ShutUpLucille
2013-12-02 00:00:00 +0000,2013-12-02 00:00:00 +0000,8.510638297872341e-06,2.0922379389331006e-06,true,true,48384000.0,48384000.0,5,5,7,8,16,7,5,7.424778761061947,2.846532776002877,839.0,8.102748844858645,5,113,GradientLair
2013-12-02 00:00:00 +0000,2013-12-02 00:00:00 +0000,8.510638297872341e-06,2.0922379389331006e-06,true,true,48384000.0,48384000.0,4,4,4,4,4,4,4,4.0,0.0,452.0,0.0,4,113,Sou11stress
2013-12-02 00:00:00 +0000,2013-12-02 00:00:00 +0000,8.510638297872341e-06,2.0922379389331006e-06,true,true,48384000.0,48384000.0,3,3,3,3,3,3,3,3.0,0.0,339.0,0.0,3,113,andrewbeane80
2013-12-02 00:00:00 +0000,2013-12-02 00:00:00 +0000,8.510638297872341e-06,2.0922379389331006e-06,true,true,48384000.0,48384000.0,3,3,3,3,5,3,3,3.433628318584071,0.8078826931700678,388.0,0.6526744459237218,3,113,Blckempowerment
2013-12-02 00:00:00 +0000,2013-12-02 00:00:00 +0000,8.510638297872341e-06,2.0922379389331006e-06,true,true,48384000.0,48384000.0,2,2,2,2,2,2,2,2.0,0.0,226.0,0.0,2,113,abianne
2013-12-02 00:00:00 +0000,2013-12-02 00:00:00 +0000,8.510638297872341e-06,2.0922379389331006e-06,true,true,48384000.0,48384000.0,2,4,4,4,4,4,4,3.9734513274336285,0.20866948889471812,449.0,0.04354295559558288,2,113,RantingOwl
2013-12-02 00:00:00 +0000,2013-12-02 00:00:00 +0000,8.510638297872341e-06,2.0922379389331006e-06,true,true,48384000.0,48384000.0,2,2,2,2,2,2,2,2.0,0.0,226.0,0.0,2,113,leilaxhafiz
2013-12-02 00:00:00 +0000,2013-12-02 00:00:00 +0000,8.510638297872341e-06,2.0922379389331006e-06,true,true,48384000.0,48384000.0,2,2,2,2,2,2,2,2.0,0.0,226.0,0.0,2,113,AshLuvsCash
2013-12-01 00:00:00 +0000,2013-12-02 00:00:00 +0000,8.510638297872341e-06,2.0922379389331006e-06,true,true,48470400.0,48384000.0,2,2,2,2,2,2,2,2.0,0.0,226.0,0.0,2,113,missVivian_O
2013-12-01 00:00:00 +0000,2013-12-02 00:00:00 +0000,8.510638297872341e-06,2.0922379389331006e-06,true,true,48470400.0,48384000.0,2,2,2,2,2,2,2,2.0,0.0,226.0,0.0,2,113,blacknerdity
2013-12-02 00:00:00 +0000,2013-12-02 00:00:00 +0000,8.510638297872341e-06,2.0922379389331006e-06,true,true,48384000.0,48384000.0,2,2,2,2,2,2,2,2.0,0.0,226.0,0.0,2,113,IvyFarguheson
2013-12-02 00:00:00 +0000,2013-12-02 00:00:00 +0000,8.510638297872341e-06,2.0922379389331006e-06,true,true,48384000.0,48384000.0,1,1,1,1,1,1,1,1.0,0.0,113.0,0.0,1,113,missesluvjones
2013-12-02 00:00:00 +0000,2013-12-02 00:00:00 +0000,8.510638297872341e-06,2.0922379389331006e-06,true,true,48384000.0,48384000.0,1,1,1,1,1,1,1,1.0,0.0,113.0,0.0,1,113,EssenceMag
2013-12-02 00:00:00 +0000,2013-12-02 00:00:00 +0000,8.510638297872341e-06,2.0922379389331006e-06,true,true,48384000.0,48384000.0,1,1,1,1,1,1,1,1.0,0.0,113.0,0.0,1,113,MsCharleyBrown
2013-12-02 00:00:00 +0000,2013-12-02 00:00:00 +0000,8.510638297872341e-06,2.0922379389331006e-06,true,true,48384000.0,48384000.0,1,1,1,1,1,1,1,1.0,0.0,113.0,0.0,1,113,_JERMELLE_
2013-12-02 00:00:00 +0000,2013-12-02 00:00:00 +0000,8.510638297872341e-06,2.0922379389331006e-06,true,true,48384000.0,48384000.0,1,1,1,1,1,1,1,1.0,0.0,113.0,0.0,1,113,michellestanf
2013-12-01 00:00:00 +0000,2013-12-02 00:00:00 +0000,8.510638297872341e-06,2.0922379389331006e-06,true,true,48470400.0,48384000.0,1,1,1,1,1,1,1,1.0,0.0,113.0,0.0,1,113,Jalessah
2013-12-02 00:00:00 +0000,2013-12-02 00:00:00 +0000,8.510638297872341e-06,2.0922379389331006e-06,true,true,48384000.0,48384000.0,1,1,1,1,1,1,1,1.0,0.0,113.0,0.0,1,113,QueenKandy_
2013-12-02 00:00:00 +0000,2013-12-02 00:00:00 +0000,8.510638297872341e-06,2.0922379389331006e-06,true,true,48384000.0,48384000.0,1,1,1,1,1,1,1,1.0,0.0,113.0,0.0,1,113,AllayaHagigal
2013-12-02 00:00:00 +0000,2013-12-02 00:00:00 +0000,8.510638297872341e-06,2.0922379389331006e-06,true,true,48384000.0,48384000.0,1,1,1,1,1,1,1,1.0,0.0,113.0,0.0,1,113,AwesomestOn3
2013-12-01 00:00:00 +0000,2013-12-02 00:00:00 +0000,8.510638297872341e-06,2.0922379389331006e-06,true,true,48470400.0,48384000.0,1,2,2,2,2,2,2,1.8849557522123894,0.3190753341118576,213.0,0.10180906883859357,2,113,NewBlackWoman
2013-12-02 00:00:00 +0000,2013-12-02 00:00:00 +0000,8.510638297872341e-06,2.0922379389331006e-06,true,true,48384000.0,48384000.0,1,1,1,1,1,1,1,1.0,0.0,113.0,0.0,1,113,Randomguys69
2013-12-02 00:00:00 +0000,2013-12-02 00:00:00 +0000,8.510638297872341e-06,2.0922379389331006e-06,true,true,48384000.0,48384000.0,1,1,1,1,1,1,1,1.0,0.0,113.0,0.0,1,113,Clairbearology
2013-12-02 00:00:00 +0000,2013-12-02 00:00:00 +0000,8.510638297872341e-06,2.0922379389331006e-06,true,true,48384000.0,48384000.0,1,1,1,1,1,1,1,1.0,0.0,113.0,0.0,1,113,alexdecampi
2013-12-01 00:00:00 +0000,2013-12-02 00:00:00 +0000,8.510638297872341e-06,2.0922379389331006e-06,true,true,48470400.0,48384000.0,1,1,1,1,1,1,1,1.0,0.0,113.0,0.0,1,113,DatMichCray
2013-12-02 00:00:00 +0000,2013-12-02 00:00:00 +0000,8.510638297872341e-06,2.0922379389331006e-06,true,true,48384000.0,48384000.0,1,1,1,1,1,1,1,1.0,0.0,113.0,0.0,1,113,OjaySays
2013-12-02 00:00:00 +0000,2013-12-02 00:00:00 +0000,8.510638297872341e-06,2.0922379389331006e-06,true,true,48384000.0,48384000.0,1,1,1,1,1,1,1,1.0,0.0,113.0,0.0,1,113,positivevibz
2013-12-02 00:00:00 +0000,2013-12-02 00:00:00 +0000,8.510638297872341e-06,2.0922379389331006e-06,true,true,48384000.0,48384000.0,1,1,1,1,1,1,1,1.0,0.0,113.0,0.0,1,113,DetTerriStivers
2013-12-02 00:00:00 +0000,2013-12-02 00:00:00 +0000,8.510638297872341e-06,2.0922379389331006e-06,true,true,48384000.0,48384000.0,1,1,1,1,1,1,1,1.0,0.0,113.0,0.0,1,113,awangongu
2013-12-02 00:00:00 +0000,2013-12-02 00:00:00 +0000,8.510638297872341e-06,2.0922379389331006e-06,true,true,48384000.0,48384000.0,1,1,1,1,1,1,1,1.0,0.0,113.0,0.0,1,113,seelolago
2013-12-02 00:00:00 +0000,2013-12-02 00:00:00 +0000,8.510638297872341e-06,2.0922379389331006e-06,true,true,48384000.0,48384000.0,1,1,1,1,1,1,1,1.0,0.0,113.0,0.0,1,113,TheJayBell
2013-12-02 00:00:00 +0000,2013-12-02 00:00:00 +0000,8.510638297872341e-06,2.0922379389331006e-06,true,true,48384000.0,48384000.0,1,1,1,1,1,1,1,1.0,0.0,113.0,0.0,1,113,NicoleGoontz4
2013-12-02 00:00:00 +0000,2013-12-02 00:00:00 +0000,8.510638297872341e-06,2.0922379389331006e-06,true,true,48384000.0,48384000.0,1,1,1,1,1,1,1,1.0,0.0,113.0,0.0,1,113,jarvis21x
2013-12-02 00:00:00 +0000,2013-12-02 00:00:00 +0000,8.510638297872341e-06,2.0922379389331006e-06,true,true,48384000.0,48384000.0,1,1,1,1,1,1,1,1.0,0.0,113.0,0.0,1,113,daltyyoung
2013-12-02 00:00:00 +0000,2013-12-02 00:00:00 +0000,8.510638297872341e-06,2.0922379389331006e-06,true,true,48384000.0,48384000.0,1,2,2,2,2,2,2,1.831858407079646,0.3739919753825747,207.0,0.13986999765056038,2,113,jaythenerdkid
2013-12-02 00:00:00 +0000,2013-12-02 00:00:00 +0000,8.510638297872341e-06,2.0922379389331006e-06,true,true,48384000.0,48384000.0,1,1,1,1,1,1,1,1.0,0.0,113.0,0.0,1,113,Impact_Boston
2013-12-01 00:00:00 +0000,2013-12-02 00:00:00 +0000,8.510638297872341e-06,2.0922379389331006e-06,true,true,48470400.0,48384000.0,1,1,1,1,1,1,1,1.0,0.0,113.0,0.0,1,113,fabucat
2013-12-01 00:00:00 +0000,2013-12-02 00:00:00 +0000,8.510638297872341e-06,2.0922379389331006e-06,true,true,48470400.0,48384000.0,1,1,1,1,1,1,1,1.0,0.0,113.0,0.0,1,113,WebAntOnYT
2013-12-02 00:00:00 +0000,2013-12-02 00:00:00 +0000,8.510638297872341e-06,2.0922379389331006e-06,true,true,48384000.0,48384000.0,1,1,1,1,1,1,1,1.0,0.0,113.0,0.0,1,113,Umara_91
2013-12-02 00:00:00 +0000,2013-12-02 00:00:00 +0000,8.510638297872341e-06,2.0922379389331006e-06,true,true,48384000.0,48384000.0,1,1,1,1,1,1,1,1.0,0.0,113.0,0.0,1,113,Keadabeada
2013-12-02 00:00:00 +0000,2013-12-02 00:00:00 +0000,8.510638297872341e-06,2.0922379389331006e-06,true,true,48384000.0,48384000.0,1,1,1,1,1,1,1,1.0,0.0,113.0,0.0,1,113,blurbette
2013-12-02 00:00:00 +0000,2013-12-02 00:00:00 +0000,8.510638297872341e-06,2.0922379389331006e-06,true,true,48384000.0,48384000.0,1,1,1,1,1,1,1,1.0,0.0,113.0,0.0,1,113,AsiaChloeBrown
2013-12-02 00:00:00 +0000,2013-12-02 00:00:00 +0000,8.510638297872341e-06,2.0922379389331006e-06,true,true,48384000.0,48384000.0,1,1,1,1,1,1,1,1.0,0.0,113.0,0.0,1,113,ChiefExec_Owens
2013-12-02 00:00:00 +0000,2013-12-02 00:00:00 +0000,8.510638297872341e-06,2.0922379389331006e-06,true,true,48384000.0,48384000.0,1,1,1,1,1,1,1,1.0,0.0,113.0,0.0,1,113,stephanie_sue
2013-12-02 00:00:00 +0000,2013-12-02 00:00:00 +0000,8.510638297872341e-06,2.0922379389331006e-06,true,true,48384000.0,48384000.0,1,1,1,1,1,1,1,1.0,0.0,113.0,0.0,1,113,TheJLV
2013-12-02 00:00:00 +0000,2013-12-02 00:00:00 +0000,8.510638297872341e-06,2.0922379389331006e-06,true,true,48384000.0,48384000.0,1,1,1,1,1,1,1,1.0,0.0,113.0,0.0,1,113,cotton_candy28
2013-12-02 00:00:00 +0000,2013-12-02 00:00:00 +0000,8.510638297872341e-06,2.0922379389331006e-06,true,true,48384000.0,48384000.0,1,1,1,1,1,1,1,1.0,0.0,113.0,0.0,1,113,LorenGilbertSmi
2013-12-02 00:00:00 +0000,2013-12-02 00:00:00 +0000,8.510638297872341e-06,2.0922379389331006e-06,true,true,48384000.0,48384000.0,1,1,1,1,1,1,1,1.0,0.0,113.0,0.0,1,113,chicmodern
2013-12-02 00:00:00 +0000,2013-12-02 00:00:00 +0000,8.510638297872341e-06,2.0922379389331006e-06,true,true,48384000.0,48384000.0,1,1,1,1,1,1,1,1.0,0.0,113.0,0.0,1,113,femcritical
2013-12-01 00:00:00 +0000,2013-12-02 00:00:00 +0000,8.510638297872341e-06,2.0922379389331006e-06,true,true,48470400.0,48384000.0,1,1,1,1,1,1,1,1.0,0.0,113.0,0.0,1,113,detoursfromhome
2013-12-01 00:00:00 +0000,2013-12-02 00:00:00 +0000,8.510638297872341e-06,2.0922379389331006e-06,true,true,48470400.0,48384000.0,1,1,1,1,1,1,1,1.0,0.0,113.0,0.0,1,113,LeftyBiLatina
2013-12-01 00:00:00 +0000,2013-12-02 00:00:00 +0000,8.510638297872341e-06,2.0922379389331006e-06,true,true,48470400.0,48384000.0,1,1,1,1,1,1,1,1.0,0.0,113.0,0.0,1,113,EstaFiestaPR
2013-12-02 00:00:00 +0000,2013-12-02 00:00:00 +0000,8.510638297872341e-06,2.0922379389331006e-06,true,true,48384000.0,48384000.0,1,1,1,1,1,1,1,1.0,0.0,113.0,0.0,1,113,CheckAndMate
2013-12-02 00:00:00 +0000,2013-12-02 00:00:00 +0000,8.510638297872341e-06,2.0922379389331006e-06,true,true,48384000.0,48384000.0,1,2,2,2,2,2,2,1.9557522123893805,0.20564513342694316,221.0,0.04228992090218526,2,113,isitis
2013-12-02 00:00:00 +0000,2013-12-02 00:00:00 +0000,8.510638297872341e-06,2.0922379389331006e-06,true,true,48384000.0,48384000.0,1,1,1,1,1,1,1,1.0,0.0,113.0,0.0,1,113,GinUwinart
2013-12-03 00:00:00 +0000,2013-12-03 00:00:00 +0000,8.510638297872341e-06,2.0922379389331006e-06,true,true,48297600.0,48297600.0,4,5,5,5,5,5.0,5,4.875,0.33071891388307384,546.0,0.109375,4,112,ClutchMagazine
2013-12-01 00:00:00 +0000,2013-12-03 00:00:00 +0000,8.510638297872341e-06,2.0922379389331006e-06,true,true,48470400.0,48297600.0,3,6,6,6,6,6.0,6,5.973214285714286,0.2822050112371282,669.0,0.07963966836734765,6,112,yaaDetroitewaa
2013-12-03 00:00:00 +0000,2013-12-03 00:00:00 +0000,8.510638297872341e-06,2.0922379389331006e-06,true,true,48297600.0,48297600.0,2,2,2,2,2,2.0,2,2.0,0.0,224.0,0.0,2,112,_tonitones
2013-12-03 00:00:00 +0000,2013-12-03 00:00:00 +0000,8.510638297872341e-06,2.0922379389331006e-06,true,true,48297600.0,48297600.0,2,2,2,2,2,2.0,2,2.0,0.0,224.0,0.0,2,112,Fromthelower9th
2013-12-03 00:00:00 +0000,2013-12-03 00:00:00 +0000,8.510638297872341e-06,2.0922379389331006e-06,true,true,48297600.0,48297600.0,2,2,2,2,2,2.0,2,2.0,0.0,224.0,0.0,2,112,jezebel
2013-12-01 00:00:00 +0000,2013-12-03 00:00:00 +0000,8.510638297872341e-06,2.0922379389331006e-06,true,true,48470400.0,48297600.0,2,2,2,2,2,2.0,2,2.0,0.0,224.0,0.0,2,112,MochaLisaccino
2013-12-03 00:00:00 +0000,2013-12-03 00:00:00 +0000,8.510638297872341e-06,2.0922379389331006e-06,true,true,48297600.0,48297600.0,2,2,2,2,2,2.0,2,2.0,0.0,224.0,0.0,2,112,RamonaOnAir
2013-12-03 00:00:00 +0000,2013-12-03 00:00:00 +0000,8.510638297872341e-06,2.0922379389331006e-06,true,true,48297600.0,48297600.0,1,1,1,1,1,1.0,1,1.0,0.0,112.0,0.0,1,112,Anissouljam
2013-12-03 00:00:00 +0000,2013-12-03 00:00:00 +0000,8.510638297872341e-06,2.0922379389331006e-06,true,true,48297600.0,48297600.0,1,1,1,1,1,1.0,1,1.0,0.0,112.0,0.0,1,112,residentsiren
2013-12-03 00:00:00 +0000,2013-12-03 00:00:00 +0000,8.510638297872341e-06,2.0922379389331006e-06,true,true,48297600.0,48297600.0,1,1,1,1,1,1.0,1,1.0,0.0,112.0,0.0,1,112,thailalovee_
2013-12-03 00:00:00 +0000,2013-12-03 00:00:00 +0000,8.510638297872341e-06,2.0922379389331006e-06,true,true,48297600.0,48297600.0,1,1,1,1,1,1.0,1,1.0,0.0,112.0,0.0,1,112,TAEHoffman
2013-12-03 00:00:00 +0000,2013-12-03 00:00:00 +0000,8.510638297872341e-06,2.0922379389331006e-06,true,true,48297600.0,48297600.0,1,1,1,1,1,1.0,1,1.0,0.0,112.0,0.0,1,112,MsShonnerz
2013-12-03 00:00:00 +0000,2013-12-03 00:00:00 +0000,8.510638297872341e-06,2.0922379389331006e-06,true,true,48297600.0,48297600.0,1,1,1,1,1,1.0,1,1.0,0.0,112.0,0.0,1,112,EmbraceTheJ
2013-12-03 00:00:00 +0000,2013-12-03 00:00:00 +0000,8.510638297872341e-06,2.0922379389331006e-06,true,true,48297600.0,48297600.0,1,1,1,1,1,1.0,1,1.0,0.0,112.0,0.0,1,112,dtafakari
2013-12-03 00:00:00 +0000,2013-12-03 00:00:00 +0000,8.510638297872341e-06,2.0922379389331006e-06,true,true,48297600.0,48297600.0,1,1,1,1,1,1.0,1,1.0,0.0,112.0,0.0,1,112,Knight3k
2013-12-03 00:00:00 +0000,2013-12-03 00:00:00 +0000,8.510638297872341e-06,2.0922379389331006e-06,true,true,48297600.0,48297600.0,1,1,1,1,1,1.0,1,1.0,0.0,112.0,0.0,1,112,UrFavCharity
2013-12-03 00:00:00 +0000,2013-12-03 00:00:00 +0000,8.510638297872341e-06,2.0922379389331006e-06,true,true,48297600.0,48297600.0,1,1,1,1,1,1.0,1,1.0,0.0,112.0,0.0,1,112,JamilSmith
2013-12-03 00:00:00 +0000,2013-12-03 00:00:00 +0000,8.510638297872341e-06,2.0922379389331006e-06,true,true,48297600.0,48297600.0,1,1,2,3,3,2.0,3,2.0,0.9543135154205277,224.0,0.9107142857142857,3,112,TheRealMsMurphy
2013-12-03 00:00:00 +0000,2013-12-03 00:00:00 +0000,8.510638297872341e-06,2.0922379389331006e-06,true,true,48297600.0,48297600.0,1,1,1,1,1,1.0,1,1.0,0.0,112.0,0.0,1,112,Aew1
2013-12-04 00:00:00 +0000,2013-12-04 00:00:00 +0000,0.8557436170212765,0.595981264906605,true,true,48211200.0,48211200.0,11,20,21,21,21,21,21,20.63063063063063,1.0563231140252123,2290.0,1.1158185212239216,18,111,rhrealitycheck
2013-12-04 00:00:00 +0000,2013-12-04 00:00:00 +0000,0.8557436170212765,0.595981264906605,true,true,48211200.0,48211200.0,8,9,9,9,9,9,9,8.99099099099099,0.09448728361893272,998.0,0.008927846765684632,8,111,theGrio
2013-12-04 00:00:00 +0000,2013-12-04 00:00:00 +0000,0.8557436170212765,0.595981264906605,true,true,48211200.0,48211200.0,2,2,2,2,2,2,2,2.0,0.0,222.0,0.0,2,111,ZerlinaMaxwell
2013-12-04 00:00:00 +0000,2013-12-04 00:00:00 +0000,0.8557436170212765,0.595981264906605,true,true,48211200.0,48211200.0,2,3,3,3,3,3,3,2.990990990990991,0.09448728361893276,332.0,0.008927846765684639,2,111,GoldieTaylor
2013-12-04 00:00:00 +0000,2013-12-04 00:00:00 +0000,0.8557436170212765,0.595981264906605,true,true,48211200.0,48211200.0,2,2,2,2,2,2,2,2.0,0.0,222.0,0.0,2,111,radicalhearts
2013-12-04 00:00:00 +0000,2013-12-04 00:00:00 +0000,0.8557436170212765,0.595981264906605,true,true,48211200.0,48211200.0,2,2,2,2,2,2,2,2.0,0.0,222.0,0.0,2,111,GloriaMalone
2013-12-04 00:00:00 +0000,2013-12-04 00:00:00 +0000,0.8557436170212765,0.595981264906605,true,true,48211200.0,48211200.0,2,2,2,2,2,2,2,2.0,0.0,222.0,0.0,2,111,thegrio
2013-12-04 00:00:00 +0000,2013-12-04 00:00:00 +0000,0.8557436170212765,0.595981264906605,true,true,48211200.0,48211200.0,1,78,78,78,78,78,78,75.90990990990991,12.485342432931454,8426.0,155.8837756675587,77,111,CitizenRadio
2013-12-04 00:00:00 +0000,2013-12-04 00:00:00 +0000,0.8557436170212765,0.595981264906605,true,true,48211200.0,48211200.0,1,6,6,6,6,6,6,5.864864864864865,0.8108108108108143,651.0,0.6574141709276901,6,111,jamiekilstein
2013-12-04 00:00:00 +0000,2013-12-04 00:00:00 +0000,0.8557436170212765,0.595981264906605,true,true,48211200.0,48211200.0,1,12,12,13,13,12,12,11.91891891891892,1.8702754777826767,1323.0,3.4979303627952194,10,111,karnythia
2013-12-04 00:00:00 +0000,2013-12-04 00:00:00 +0000,0.8557436170212765,0.595981264906605,true,true,48211200.0,48211200.0,1,3,3,3,3,3,3,2.981981981981982,0.18897456723786552,331.0,0.035711387062738555,3,111,sjs856
2013-12-01 00:00:00 +0000,2013-12-04 00:00:00 +0000,0.8557436170212765,0.595981264906605,true,true,48470400.0,48211200.0,1,1,1,1,1,1,1,1.0,0.0,111.0,0.0,1,111,staceyNYCDC
2013-12-04 00:00:00 +0000,2013-12-04 00:00:00 +0000,0.8557436170212765,0.595981264906605,true,true,48211200.0,48211200.0,1,4,4,4,4,4,4,3.7567567567567566,0.6740521034237814,417.0,0.45434623813002417,4,111,bgg2wl
2013-12-04 00:00:00 +0000,2013-12-04 00:00:00 +0000,0.8557436170212765,0.595981264906605,true,true,48211200.0,48211200.0,1,1,1,1,1,1,1,1.0,0.0,111.0,0.0,1,111,MsAnomalous
2013-12-02 00:00:00 +0000,2013-12-04 00:00:00 +0000,0.8557436170212765,0.595981264906605,true,true,48384000.0,48211200.0,1,1,1,1,1,1,1,1.0,0.0,111.0,0.0,1,111,TheTinaVasquez
2013-12-04 00:00:00 +0000,2013-12-04 00:00:00 +0000,0.8557436170212765,0.595981264906605,true,true,48211200.0,48211200.0,1,1,1,1,1,1,1,1.0,0.0,111.0,0.0,1,111,shawnacscott
2013-12-05 00:00:00 +0000,2013-12-05 00:00:00 +0000,0.03014787234042553,0.020996437173825773,true,true,48124800.0,48124800.0,2,2,3,3,3,3.0,3,2.6363636363636362,0.4810456929208344,290.0,0.2314049586776857,2,110,xojanedotcom
2013-12-05 00:00:00 +0000,2013-12-05 00:00:00 +0000,0.03014787234042553,0.020996437173825773,true,true,48124800.0,48124800.0,1,1,1,1,1,1.0,1,1.0,0.0,110.0,0.0,1,110,aemccarthy
2013-12-05 00:00:00 +0000,2013-12-05 00:00:00 +0000,0.03014787234042553,0.020996437173825773,true,true,48124800.0,48124800.0,1,5,6,6,6,6.0,6,5.009090909090909,1.7082444712492784,551.0,2.9180991735537267,5,110,xoJanedotcom
2013-12-05 00:00:00 +0000,2013-12-05 00:00:00 +0000,0.03014787234042553,0.020996437173825773,true,true,48124800.0,48124800.0,1,1,1,1,1,1.0,1,1.0,0.0,110.0,0.0,1,110,GGENYC
2013-12-05 00:00:00 +0000,2013-12-05 00:00:00 +0000,0.03014787234042553,0.020996437173825773,true,true,48124800.0,48124800.0,1,1,1,1,1,1.0,1,1.0,0.0,110.0,0.0,1,110,Fem2pt0
2013-12-05 00:00:00 +0000,2013-12-05 00:00:00 +0000,0.03014787234042553,0.020996437173825773,true,true,48124800.0,48124800.0,1,1,1,1,1,1.0,1,1.0,0.0,110.0,0.0,1,110,Tammyill_tigre
2013-12-05 00:00:00 +0000,2013-12-05 00:00:00 +0000,0.03014787234042553,0.020996437173825773,true,true,48124800.0,48124800.0,1,1,1,1,1,1.0,1,1.0,0.0,110.0,0.0,1,110,feministleague
2013-12-05 00:00:00 +0000,2013-12-05 00:00:00 +0000,0.03014787234042553,0.020996437173825773,true,true,48124800.0,48124800.0,1,1,2,2,2,2.0,2,1.7454545454545454,0.43560540184403423,192.0,0.18975206611570253,2,110,sharethis
2013-12-05 00:00:00 +0000,2013-12-05 00:00:00 +0000,0.03014787234042553,0.020996437173825773,true,true,48124800.0,48124800.0,1,1,1,1,1,1.0,1,1.0,0.0,110.0,0.0,1,110,CoachBug24
2013-12-05 00:00:00 +0000,2013-12-05 00:00:00 +0000,0.03014787234042553,0.020996437173825773,true,true,48124800.0,48124800.0,1,1,1,1,1,1.0,1,1.0,0.0,110.0,0.0,1,110,Amordien
2013-12-06 00:00:00 +0000,2013-12-06 00:00:00 +0000,0.01356808510638298,0.009449471036909345,true,true,48038400.0,48038400.0,2,2,2,2,2,2,2,2.0,0.0,218.0,0.0,2,109,jljacobson
2013-12-07 00:00:00 +0000,2013-12-07 00:00:00 +0000,0.009028723404255319,0.0062880398847616125,true,true,47952000.0,47952000.0,2,2,2,2,2,2.0,2,2.0,0.0,216.0,0.0,2,108,MHarrisPerry
2013-12-07 00:00:00 +0000,2013-12-07 00:00:00 +0000,0.009028723404255319,0.0062880398847616125,true,true,47952000.0,47952000.0,1,1,1,1,1,1.0,1,1.0,0.0,108.0,0.0,1,108,JChiron18
2013-12-07 00:00:00 +0000,2013-12-07 00:00:00 +0000,0.009028723404255319,0.0062880398847616125,true,true,47952000.0,47952000.0,1,2,2,3,3,2.0,2,2.287037037037037,0.6390230669621705,247.0,0.40835048010973857,3,108,KMBTweets
2013-12-07 00:00:00 +0000,2013-12-07 00:00:00 +0000,0.009028723404255319,0.0062880398847616125,true,true,47952000.0,47952000.0,1,1,1,1,1,1.0,1,1.0,0.0,108.0,0.0,1,108,FAANMail
2013-12-07 00:00:00 +0000,2013-12-07 00:00:00 +0000,0.009028723404255319,0.0062880398847616125,true,true,47952000.0,47952000.0,1,1,1,1,1,1.0,1,1.0,0.0,108.0,0.0,1,108,britt_turtle
2013-12-08 00:00:00 +0000,2013-12-08 00:00:00 +0000,0.006109574468085107,0.004255003306019317,true,true,47865600.0,47865600.0,1,1,1,1,1,1,1,1.0,0.0,107.0,0.0,1,107,prisonculture
2013-12-01 00:00:00 +0000,2013-12-08 00:00:00 +0000,0.006109574468085107,0.004255003306019317,true,true,48470400.0,47865600.0,1,2,2,2,4,2,2,2.0841121495327104,0.4952389270838045,223.0,0.24526159489911786,4,107,kchamomile
2013-12-01 00:00:00 +0000,2013-12-10 00:00:00 +0000,0.004291489361702127,0.0029888008595650222,true,true,48470400.0,47692800.0,2,2,2,2,2,2,2,2.0,0.0,210.0,0.0,2,105,GoodGirlRadio
2013-12-10 00:00:00 +0000,2013-12-10 00:00:00 +0000,0.004291489361702127,0.0029888008595650222,true,true,47692800.0,47692800.0,1,2,2,2,2,2,2,1.9904761904761905,0.0971241812112914,209.0,0.009433106575963772,2,105,AFrenchWriter
2013-12-11 00:00:00 +0000,2013-12-11 00:00:00 +0000,0.0037106382978723406,0.002584268070937729,true,true,47606400.0,47606400.0,2,2,2,2,2,2.0,2,2.0,0.0,208.0,0.0,2,104,iamrashidajones
2013-12-11 00:00:00 +0000,2013-12-11 00:00:00 +0000,0.0037106382978723406,0.002584268070937729,true,true,47606400.0,47606400.0,1,5,5,5,5,5.0,5,4.740384615384615,0.6933085713792437,493.0,0.4806767751479279,4,104,afrenchwriter
2013-12-03 00:00:00 +0000,2013-12-11 00:00:00 +0000,0.0037106382978723406,0.002584268070937729,true,true,48297600.0,47606400.0,1,1,1,1,1,1.0,1,1.0,0.0,104.0,0.0,1,104,adjpants
2013-12-11 00:00:00 +0000,2013-12-11 00:00:00 +0000,0.0037106382978723406,0.002584268070937729,true,true,47606400.0,47606400.0,1,1,1,1,1,1.0,1,1.0,0.0,104.0,0.0,1,104,H2OCoolerConvo
2013-12-11 00:00:00 +0000,2013-12-11 00:00:00 +0000,0.0037106382978723406,0.002584268070937729,true,true,47606400.0,47606400.0,1,1,1,1,1,1.0,1,1.0,0.0,104.0,0.0,1,104,graceishuman
2013-12-12 00:00:00 +0000,2013-12-12 00:00:00 +0000,0.002221276595744681,0.001547004510354925,true,true,47520000.0,47520000.0,1,1,1,1,1,1,1,1.0,0.0,103.0,0.0,1,103,mcbyrne
2013-12-11 00:00:00 +0000,2013-12-12 00:00:00 +0000,0.002221276595744681,0.001547004510354925,true,true,47606400.0,47520000.0,1,4,4,4,4,4,4,3.7766990291262137,0.5900804426804925,389.0,0.34819492883400605,4,103,EBONYMag
2013-12-12 00:00:00 +0000,2013-12-12 00:00:00 +0000,0.002221276595744681,0.001547004510354925,true,true,47520000.0,47520000.0,1,1,1,1,1,1,1,1.0,0.0,103.0,0.0,1,103,stuxnetsource
2013-12-03 00:00:00 +0000,2013-12-12 00:00:00 +0000,0.002221276595744681,0.001547004510354925,true,true,48297600.0,47520000.0,1,1,1,1,1,1,1,1.0,0.0,103.0,0.0,1,103,CreativeAspie
2013-12-12 00:00:00 +0000,2013-12-12 00:00:00 +0000,0.002221276595744681,0.001547004510354925,true,true,47520000.0,47520000.0,1,1,1,1,1,1,1,1.0,0.0,103.0,0.0,1,103,stavvers
2013-12-12 00:00:00 +0000,2013-12-12 00:00:00 +0000,0.002221276595744681,0.001547004510354925,true,true,47520000.0,47520000.0,1,1,1,1,1,1,1,1.0,0.0,103.0,0.0,1,103,me
2013-12-16 00:00:00 +0000,2013-12-16 00:00:00 +0000,0.0016712765957446808,0.0011639578954825607,true,true,47174400.0,47174400.0,1,1,1,1,1,1,1,1.0,0.0,99.0,0.0,1,99,TheSinCitySiren
2013-12-16 00:00:00 +0000,2013-12-16 00:00:00 +0000,0.0016712765957446808,0.0011639578954825607,true,true,47174400.0,47174400.0,1,1,1,1,1,1,1,1.0,0.0,99.0,0.0,1,99,ThinkFeminist
2013-12-17 00:00:00 +0000,2013-12-17 00:00:00 +0000,0.001471276595744681,0.0010246682173471557,true,true,47088000.0,47088000.0,6,6,7,7,7,7.0,7,6.663265306122449,0.472593313343241,653.0,0.22334443981674276,6,98,TellMeMoreNPR
2013-12-17 00:00:00 +0000,2013-12-17 00:00:00 +0000,0.001471276595744681,0.0010246682173471557,true,true,47088000.0,47088000.0,4,4,5,5,5,5.0,5,4.663265306122449,0.472593313343241,457.0,0.22334443981674276,4,98,keligoff
2013-12-17 00:00:00 +0000,2013-12-17 00:00:00 +0000,0.001471276595744681,0.0010246682173471557,true,true,47088000.0,47088000.0,4,4,5,5,5,5.0,5,4.663265306122449,0.472593313343241,457.0,0.22334443981674276,4,98,prachigu
2013-12-17 00:00:00 +0000,2013-12-17 00:00:00 +0000,0.001471276595744681,0.0010246682173471557,true,true,47088000.0,47088000.0,2,2,2,2,2,2.0,2,2.0,0.0,196.0,0.0,2,98,GeeDee215
2013-12-17 00:00:00 +0000,2013-12-17 00:00:00 +0000,0.001471276595744681,0.0010246682173471557,true,true,47088000.0,47088000.0,1,1,1,1,1,1.0,1,1.0,0.0,98.0,0.0,1,98,rkelly
2013-12-17 00:00:00 +0000,2013-12-17 00:00:00 +0000,0.001471276595744681,0.0010246682173471557,true,true,47088000.0,47088000.0,1,2,2,3,3,2.0,2,2.4183673469387754,0.5135603890678209,237.0,0.2637442732194915,3,98,NPR
2013-12-17 00:00:00 +0000,2013-12-17 00:00:00 +0000,0.001471276595744681,0.0010246682173471557,true,true,47088000.0,47088000.0,1,1,1,1,1,1.0,1,1.0,0.0,98.0,0.0,1,98,cutebutpsycho76
2013-12-17 00:00:00 +0000,2013-12-17 00:00:00 +0000,0.001471276595744681,0.0010246682173471557,true,true,47088000.0,47088000.0,1,1,1,1,1,1.0,1,1.0,0.0,98.0,0.0,1,98,CharliKun
2013-12-19 00:00:00 +0000,2013-12-19 00:00:00 +0000,0.8566223404255319,0.6303101187805511,true,true,46915200.0,46915200.0,1,1,1,1,1,1.0,1,1.0,0.0,96.0,0.0,1,96,CaptainPopSet
2013-12-21 00:00:00 +0000,2013-12-21 00:00:00 +0000,0.014521276595744682,0.01064791130422462,true,true,46742400.0,46742400.0,1,1,1,1,1,1.0,1,1.0,0.0,94.0,0.0,1,94,JoJoannastella
2013-12-21 00:00:00 +0000,2013-12-21 00:00:00 +0000,0.014521276595744682,0.01064791130422462,true,true,46742400.0,46742400.0,1,1,1,1,1,1.0,1,1.0,0.0,94.0,0.0,1,94,JAZonyaMINE
2013-12-01 00:00:00 +0000,2013-12-23 00:00:00 +0000,0.006976595744680851,0.005099560181358774,true,true,48470400.0,46569600.0,2,2,2,2,2,2.0,2,2.0,0.0,184.0,0.0,2,92,talktogk
2013-12-23 00:00:00 +0000,2013-12-23 00:00:00 +0000,0.006976595744680851,0.005099560181358774,true,true,46569600.0,46569600.0,1,1,1,1,1,1.0,1,1.0,0.0,92.0,0.0,1,92,smartjusticeWA
2013-12-23 00:00:00 +0000,2013-12-23 00:00:00 +0000,0.006976595744680851,0.005099560181358774,true,true,46569600.0,46569600.0,1,1,1,1,1,1.0,1,1.0,0.0,92.0,0.0,1,92,hashtagfeminism
2013-12-23 00:00:00 +0000,2013-12-23 00:00:00 +0000,0.006976595744680851,0.005099560181358774,true,true,46569600.0,46569600.0,1,1,1,1,1,1.0,1,1.0,0.0,92.0,0.0,1,92,Eclectic_GRITS
2013-12-24 00:00:00 +0000,2013-12-24 00:00:00 +0000,0.0059372340425531914,0.004330974449193567,true,true,46483200.0,46483200.0,1,1,1,1,1,1,1,1.0,0.0,91.0,0.0,1,91,suey_park
2013-12-24 00:00:00 +0000,2013-12-24 00:00:00 +0000,0.0059372340425531914,0.004330974449193567,true,true,46483200.0,46483200.0,1,1,1,1,1,1,1,1.0,0.0,91.0,0.0,1,91,KathaPollitt
2013-12-24 00:00:00 +0000,2013-12-24 00:00:00 +0000,0.0059372340425531914,0.004330974449193567,true,true,46483200.0,46483200.0,1,1,1,1,1,1,1,1.0,0.0,91.0,0.0,1,91,IamSefu
2013-12-26 00:00:00 +0000,2013-12-26 00:00:00 +0000,0.0045000000000000005,0.00328021937799608,true,true,46310400.0,46310400.0,1,1,1,2,2,1.0,1,1.4444444444444444,0.4969039949999536,130.0,0.2469135802469139,2,90,sunflwer1975
2013-12-27 00:00:00 +0000,2013-12-27 00:00:00 +0000,0.0028585106382978723,0.0020783249108555506,true,true,46224000.0,46224000.0,1,1,1,1,1,1,1,1.0,0.0,89.0,0.0,1,89,alifeofgreen
2013-12-31 00:00:00 +0000,2013-12-31 00:00:00 +0000,0.011396808510638297,0.010448208845963114,true,true,45878400.0,45878400.0,3,3,3,3,3,3,3,3.0,0.0,261.0,0.0,3,87,blackgalfound
2013-12-31 00:00:00 +0000,2013-12-31 00:00:00 +0000,0.011396808510638297,0.010448208845963114,true,true,45878400.0,45878400.0,2,2,2,2,2,2,2,2.0,0.0,174.0,0.0,2,87,ABitOfKwansLife
2013-12-31 00:00:00 +0000,2013-12-31 00:00:00 +0000,0.011396808510638297,0.010448208845963114,true,true,45878400.0,45878400.0,1,1,1,1,1,1,1,1.0,0.0,87.0,0.0,1,87,voiceforunheard
2013-12-31 00:00:00 +0000,2013-12-31 00:00:00 +0000,0.011396808510638297,0.010448208845963114,true,true,45878400.0,45878400.0,1,1,1,1,1,1,1,1.0,0.0,87.0,0.0,1,87,VicTORIousGable
2013-12-31 00:00:00 +0000,2013-12-31 00:00:00 +0000,0.011396808510638297,0.010448208845963114,true,true,45878400.0,45878400.0,1,1,1,1,1,1,1,1.0,0.0,87.0,0.0,1,87,PhenomenalP
2013-12-31 00:00:00 +0000,2013-12-31 00:00:00 +0000,0.011396808510638297,0.010448208845963114,true,true,45878400.0,45878400.0,1,1,1,1,1,1,1,1.0,0.0,87.0,0.0,1,87,TheSirDaniel
2014-01-10 00:00:00 +0000,2014-01-10 00:00:00 +0000,0.0026351063829787233,0.002264753701560913,true,true,45014400.0,45014400.0,1,1,1,1,1,1,1,1.0,0.0,83.0,0.0,1,83,MadamePoltrixie
2014-01-14 00:00:00 +0000,2014-01-14 00:00:00 +0000,0.0019319148936170214,0.0016312773041773916,true,true,44668800.0,44668800.0,1,1,1,1,1,1,1,1.0,0.0,81.0,0.0,1,81,Bruinou2
2014-01-15 00:00:00 +0000,2014-01-15 00:00:00 +0000,0.0018372340425531915,0.0015553321368691995,true,true,44582400.0,44582400.0,1,1,1,1,1,1.0,1,1.0,0.0,80.0,0.0,1,80,_praxis_
2013-12-02 00:00:00 +0000,2014-01-24 00:00:00 +0000,0.005060638297872341,0.0013865982241953382,true,true,48384000.0,43804800.0,1,1,1,1,1,1.0,1,1.0,0.0,78.0,0.0,1,78,GeurtsPetra
2014-01-24 00:00:00 +0000,2014-01-24 00:00:00 +0000,0.005060638297872341,0.0013865982241953382,true,true,43804800.0,43804800.0,1,1,1,1,1,1.0,1,1.0,0.0,78.0,0.0,1,78,feministhulk
2014-01-29 00:00:00 +0000,2014-01-29 00:00:00 +0000,0.0026351063829787233,0.0009012970222211726,true,true,43372800.0,43372800.0,1,2,2,2,2,2.0,2,1.986842105263158,0.11395071102426842,151.0,0.012984764542936329,2,76,jordanbks
2014-02-08 00:00:00 +0000,2014-02-08 00:00:00 +0000,0.0014,0.0005459997166269157,true,true,42508800.0,42508800.0,1,1,1,1,1,1.0,1,1.0,0.0,74.0,0.0,1,74,0nyourleft
2013-12-01 00:00:00 +0000,2014-02-14 00:00:00 +0000,0.0011287234042553192,0.0005547140293291142,true,true,48470400.0,41990400.0,1,1,1,1,1,1.0,1,1.0,0.0,72.0,0.0,1,72,xMissTanisa
2014-02-15 00:00:00 +0000,2014-02-15 00:00:00 +0000,0.001052127659574468,0.0005100260939381775,true,true,41904000.0,41904000.0,1,1,1,1,1,1,1,1.0,0.0,71.0,0.0,1,71,POCBeyondFaith
2014-03-12 00:00:00 +0000,2014-03-12 00:00:00 +0000,0.010032978723404255,0.0066058640517628175,false,false,39744000.0,39744000.0,1,2,2,2,2,2,2,1.9850746268656716,0.12125430454680516,133.0,0.014702606371129374,2,67,steenfox
2014-03-16 00:00:00 +0000,2014-03-16 00:00:00 +0000,0.03620957446808511,0.034615105556473895,false,false,39398400.0,39398400.0,2,2,2,2,2,2,2,2.0,0.0,130.0,0.0,2,65,PiaGlenn
2014-03-16 00:00:00 +0000,2014-03-16 00:00:00 +0000,0.03620957446808511,0.034615105556473895,false,false,39398400.0,39398400.0,1,1,1,1,1,1,1,1.0,0.0,65.0,0.0,1,65,YouTube
2014-03-16 00:00:00 +0000,2014-03-16 00:00:00 +0000,0.03620957446808511,0.034615105556473895,false,false,39398400.0,39398400.0,1,1,1,1,1,1,1,1.0,0.0,65.0,0.0,1,65,emilylhauser
2014-03-16 00:00:00 +0000,2014-03-16 00:00:00 +0000,0.03620957446808511,0.034615105556473895,false,false,39398400.0,39398400.0,1,1,1,1,1,1,1,1.0,0.0,65.0,0.0,1,65,iamwiddy
2014-03-19 00:00:00 +0000,2014-03-19 00:00:00 +0000,0.010093617021276596,0.008773410749285664,false,false,39139200.0,39139200.0,1,5,6,7,7,6.0,7,5.703125,1.5479794037308765,365.0,2.396240234375,7,64,ChwerthinAamina
2014-03-25 00:00:00 +0000,2014-03-25 00:00:00 +0000,0.004832978723404256,0.00396568706165726,false,false,38620800.0,38620800.0,1,1,1,1,1,1,1,1.0,0.0,61.0,0.0,1,61,MadameNoire
2013-12-02 00:00:00 +0000,2014-04-05 00:00:00 +0000,0.0026968085106382975,0.0020881325713745956,false,false,48384000.0,37670400.0,1,1,1,1,1,1.0,1,1.0,0.0,56.0,0.0,1,56,noshamemov
2014-04-08 00:00:00 +0000,2014-04-08 00:00:00 +0000,0.0026276595744680847,0.002116740264953834,false,false,37411200.0,37411200.0,1,1,1,1,1,1.0,1,1.0,0.0,54.0,0.0,1,54,fivefifths
2014-04-30 00:00:00 +0000,2014-04-30 00:00:00 +0000,0.0016170212765957447,0.0012303197392967624,false,false,35510400.0,35510400.0,1,1,1,1,1,1,1,1.0,0.0,49.0,0.0,1,49,furioushooligan
2014-05-03 00:00:00 +0000,2014-05-03 00:00:00 +0000,0.0012936170212765959,0.0007994320731102558,false,false,35251200.0,35251200.0,1,1,1,1,1,1,1,1.0,0.0,47.0,0.0,1,47,iSmashFizzle
2014-05-26 00:00:00 +0000,2014-05-26 00:00:00 +0000,0.0008127659574468086,0.0006445692729118946,false,false,33264000.0,33264000.0,1,3,3,3,3,3,3,2.953488372093023,0.3014297999259471,127.0,0.09085992428339651,3,43,sarahkendzior
2013-12-11 00:00:00 +0000,2014-05-27 00:00:00 +0000,0.8565180851063829,0.8311594758778661,false,false,47606400.0,33177600.0,2,2,2,2,2,2.0,2,2.0,0.0,84.0,0.0,2,42,JennMJack
2014-05-27 00:00:00 +0000,2014-05-27 00:00:00 +0000,0.8565180851063829,0.8311594758778661,false,false,33177600.0,33177600.0,1,1,2,2,2,2.0,2,1.5238095238095237,0.4994327848429292,64.0,0.24943310657596363,2,42,DearSplenda
2014-05-27 00:00:00 +0000,2014-05-27 00:00:00 +0000,0.8565180851063829,0.8311594758778661,false,false,33177600.0,33177600.0,1,1,1,1,1,1.0,1,1.0,0.0,42.0,0.0,1,42,cliotropic
2013-12-01 00:00:00 +0000,2014-11-07 00:00:00 +0000,0.003028723404255319,0.0006194630080052896,false,false,48470400.0,19008000.0,1,1,1,1,1,1,1,1.0,0.0,25.0,0.0,1,25,jmjafrx
2014-11-07 00:00:00 +0000,2014-11-07 00:00:00 +0000,0.003028723404255319,0.0006194630080052896,false,false,19008000.0,19008000.0,1,1,1,1,1,1,1,1.0,0.0,25.0,0.0,1,25,BethCorzoDuke
2014-12-08 00:00:00 +0000,2014-12-08 00:00:00 +0000,0.001529787234042553,0.0007085035539707654,false,false,16329600.0,16329600.0,1,1,1,1,1,1.0,1,1.0,0.0,22.0,0.0,1,22,tres_stimulante
2015-01-19 00:00:00 +0000,2015-01-19 00:00:00 +0000,0.0015574468085106383,0.0011442794058611,false,false,12700800.0,12700800.0,1,1,1,1,1,1.0,1,1.0,0.0,20.0,0.0,1,20,blaiseastra
2015-02-17 00:00:00 +0000,2015-02-17 00:00:00 +0000,0.0010255319148936171,0.0005885995466030651,false,false,10195200.0,10195200.0,5,5,5,5,5,5,5,5.0,0.0,85.0,0.0,5,17,LipstickYoda
2015-02-17 00:00:00 +0000,2015-02-17 00:00:00 +0000,0.0010255319148936171,0.0005885995466030651,false,false,10195200.0,10195200.0,1,1,1,1,1,1,1,1.0,0.0,17.0,0.0,1,17,CharlotteAbotsi
2015-03-21 00:00:00 +0000,2015-03-21 00:00:00 +0000,0.0008861702127659574,0.00046510555647389425,false,false,7430400.0,7430400.0,1,1,1,1,1,1,1,1.0,0.0,13.0,0.0,1,13,HIFTBABG
2015-04-14 00:00:00 +0000,2015-04-14 00:00:00 +0000,0.0004382978723404255,0.00026767008288662716,false,false,5356800.0,5356800.0,1,2,2,2,2,2.0,2,1.9,0.3,19.0,0.09,2,10,SafeHubCollect
2013-12-03 00:00:00 +0000,2015-04-16 00:00:00 +0000,0.0004968085106382979,0.00033212270054549316,false,false,48297600.0,5184000.0,1,3,3,3,3,3.0,3,2.75,0.6614378277661477,22.0,0.4375,3,8,galvezmiro
2015-04-16 00:00:00 +0000,2015-04-16 00:00:00 +0000,0.0004968085106382979,0.00033212270054549316,false,false,5184000.0,5184000.0,1,1,1,1,1,1.0,1,1.0,0.0,8.0,0.0,1,8,Karnythiakxy
2015-04-28 00:00:00 +0000,2015-04-28 00:00:00 +0000,0.0009053191489361702,0.0005580011571067608,false,false,4147200.0,4147200.0,1,1,1,1,1,1,1,1.0,0.0,5.0,0.0,1,5,ZahraTahirah
