index,pre_avg,post_avg,pre_min,pre_max,post_min,post_max,log_pre_avg,log_post_avg,log_pre_min,log_pre_max,log_post_min,log_post_max,pre_n,post_n,time
0,0.0,0.0,0.0,0.0,0.0,0.0,0.0,0.0,0.0,0.0,0.0,0.0,9,98,2014-08-09 00:00:00 UTC
1,0.0,0.0,0.0,0.0,0.0,0.0,0.0,0.0,0.0,0.0,0.0,0.0,9,98,2014-08-10 00:00:00 UTC
2,0.1111111111111111,0.0,0.0,0.5,0.0,0.0,-Infinity,-Infinity,-Infinity,-0.6931471805599453,-Infinity,-Infinity,9,98,2014-08-11 00:00:00 UTC
3,0.030046948356807508,0.005662546708824375,0.0028169014084507044,0.23380281690140844,0.0,0.37183098591549296,-5.105034760854906,-Infinity,-5.872117789475416,-1.453277181678818,-Infinity,-0.9893158668890449,9,98,2014-08-12 00:00:00 UTC
4,0.01814329227916832,0.007017586534017658,0.0011918951132300357,0.14421930870083433,0.0,0.18831942789034564,-5.769211644633359,-Infinity,-6.732210706467206,-1.9364201608704652,-Infinity,-1.6696156734402394,9,98,2014-08-13 00:00:00 UTC
5,0.0172398931126627,0.006831747439084247,0.0007757951900698216,0.14119472459270752,0.0,0.1799844840961986,-6.0965071894113345,-Infinity,-7.161622002939187,-1.9576153158623921,-Infinity,-1.7148846312728774,9,98,2014-08-14 00:00:00 UTC
6,0.019122230646112383,0.006978075536507249,0.0003790750568612585,0.1645185746777862,0.0,0.13078089461713419,-6.671050080290321,-Infinity,-7.87777633327726,-1.8047317991768552,-Infinity,-2.0342319162459,9,98,2014-08-15 00:00:00 UTC
7,0.014821559551812231,0.007813915459195284,0.00022763487366264513,0.1286137036193945,0.0,0.3505577054404735,-7.134604515780696,-Infinity,-8.38776764397578,-2.0509419128293387,-Infinity,-1.0482299485681048,9,98,2014-08-16 00:00:00 UTC
8,0.01436354631005448,0.007903235588440425,0.00018573551263001485,0.12537147102526003,0.0,0.4011887072808321,-7.318258525382138,-Infinity,-8.591186871324563,-2.076474180452034,-Infinity,-0.913323370646353,9,98,2014-08-17 00:00:00 UTC
9,0.013087069425097594,0.008070400424525179,0.00015477480266212662,0.11360470515400092,0.0,0.45271629778672035,-7.403693960048378,-Infinity,-8.773539383558166,-2.17503035494365,-Infinity,-0.7924896238922086,9,98,2014-08-18 00:00:00 UTC
10,0.01507280420412281,0.007862909359434248,0.0001355197181189863,0.13199620544789267,0.0,0.4111668247730045,-7.505114397434355,-Infinity,-8.906393407058367,-2.0249821034158315,-Infinity,-0.8887562471498891,9,98,2014-08-19 00:00:00 UTC
11,0.01634227456111656,0.007731920049668542,0.0001226692836113837,0.14278704612365065,0.0,0.37230127576054955,-7.508646362591039,-Infinity,-9.00601857490256,-1.9464009466111776,-Infinity,-0.9880518714089621,9,98,2014-08-20 00:00:00 UTC
12,0.016196507388217235,0.007649830225699953,0.00011514104778353483,0.14173862982153138,0.0,0.35313759355210134,-7.565762188820007,-Infinity,-9.069352678675205,-1.9537705524907518,-Infinity,-1.0408975145609538,9,98,2014-08-21 00:00:00 UTC
13,0.016233483735441447,0.0076185301282388025,0.00011186933661483388,0.14218592683745385,0.0,0.3437744714173845,-7.591035499120987,-Infinity,-9.098179005087852,-1.9506197338983986,-Infinity,-1.0677694429573679,9,98,2014-08-22 00:00:00 UTC
14,0.016198125836680056,0.007583208529852247,0.0001095290251916758,0.14194961664841182,0.0,0.3365826944140197,-7.610013178097398,-Infinity,-9.119320973589014,-1.9522830966767941,-Infinity,-1.0889114114585294,9,98,2014-08-23 00:00:00 UTC
15,0.01614671823976671,0.007575874943839374,0.00010844810758052273,0.14152478039258215,0.0,0.3332610345949463,-7.619162036953682,-Infinity,-9.129238770539141,-1.9552804507823474,-Infinity,-1.0988292084086566,9,98,2014-08-24 00:00:00 UTC
16,0.01623333931026239,0.007551788870470189,0.00010758472296933836,0.14233458848843464,0.0,0.33060785368477674,-7.625633072752513,-Infinity,-9.137231900155545,-1.9495747360405888,-Infinity,-1.1068223380250597,9,98,2014-08-25 00:00:00 UTC
17,0.0162389496509162,0.007538722115481409,0.0001072271070126528,0.14239759811280292,0.0,0.3295088998498821,-7.62854352041841,-Infinity,-9.140561477368266,-1.949132147331887,-Infinity,-1.1101519152377815,9,98,2014-08-26 00:00:00 UTC
18,0.01634091637295738,0.007522009124059754,0.00010680337498664957,0.14322332585709707,0.0,0.32820677133397413,-7.625069744312896,-Infinity,-9.14452103093889,-1.9433501476572106,-Infinity,-1.1141114688084046,9,98,2014-08-27 00:00:00 UTC
19,0.016394799054373518,0.00750108554059922,0.00010638297872340425,0.14372340425531915,0.0,0.32691489361702125,-7.628188186667821,-Infinity,-9.148464968258095,-1.9398646302978964,-Infinity,-1.1180554061276107,9,98,2014-08-28 00:00:00 UTC
20,0.016334684764087205,0.007498462102979745,0.00010576414595452142,0.143204653622422,0.0,0.32501322051824433,-7.633775742223171,-Infinity,-9.154298981092557,-1.9434805276203377,-Infinity,-1.1238894189620732,9,98,2014-08-29 00:00:00 UTC
21,0.01640333170924109,0.007472481579810875,0.00010440593025683859,0.14387137189392357,0.0,0.320839423679265,-7.644748620021902,-Infinity,-9.167224080902555,-1.9388356293289508,-Infinity,-1.13681451877207,9,98,2014-08-30 00:00:00 UTC
22,0.016397404032035358,0.007480809225098488,0.00010356255178127589,0.1438483844241922,0.0,0.31824772162386084,-7.651975869543299,-Infinity,-9.175334762777368,-1.9389954200230237,-Infinity,-1.1449252006468826,9,98,2014-08-31 00:00:00 UTC
23,0.016575404973762257,0.007458198885303606,0.0001026694045174538,0.14548254620123202,0.0,0.3155030800821355,-7.658419959298475,-Infinity,-9.18399639663658,-1.9276991569459003,-Infinity,-1.1535868345060962,9,98,2014-09-01 00:00:00 UTC
24,0.016622295037203902,0.007450881233099426,0.00010239606799098914,0.14591439688715954,0.0,0.31466311693630966,-7.660460268059936,-Infinity,-9.186662244621605,-1.9247351519188547,-Infinity,-1.1562526824911208,9,98,2014-09-02 00:00:00 UTC
25,0.016604894193387513,0.007444618161454115,0.00010200958890135672,0.14577170254003877,0.0,0.3134754666938692,-7.6639303097859335,-Infinity,-9.190443740261726,-1.9257135623318586,-Infinity,-1.1600341781312415,9,98,2014-09-03 00:00:00 UTC
26,0.016608401497923957,0.007441363675090231,0.00010182262498727217,0.14580999898177374,0.0,0.31290092658588736,-7.665531779838566,-Infinity,-9.192278229157774,-1.9254508816371834,-Infinity,-1.1618686670272897,9,98,2014-09-04 00:00:00 UTC
27,0.01658762420957542,0.007439439190310266,0.0001016260162601626,0.145630081300813,0.0,0.3122967479674797,-7.667386976248474,-Infinity,-9.1942109900463,-1.9266855622181274,-Infinity,-1.1638014279158144,9,98,2014-09-05 00:00:00 UTC
28,0.016623277095941674,0.007427172106290532,0.00010143016533116949,0.1459580079115529,0.0,0.31169489806268386,-7.668851755548417,-Infinity,-9.196140022575042,-1.9244363156876736,-Infinity,-1.1657304604445566,9,98,2014-09-06 00:00:00 UTC
29,0.01668017287952457,0.007421526146925546,0.0001012965964343598,0.14647487844408427,0.0,0.31128444084278767,-7.669630290692838,-Infinity,-9.197457746145169,-1.920901343426459,-Infinity,-1.1670481840146845,9,98,2014-09-07 00:00:00 UTC
30,0.01676555195972672,0.0074126131034938265,0.0001011326860841424,0.14724919093851133,0.0,0.3107807443365696,-7.670483965796482,-Infinity,-9.199077179697472,-1.9156289509408406,-Infinity,-1.1686676175669872,9,98,2014-09-08 00:00:00 UTC
31,0.016765983234016776,0.007414217075578844,0.000100999899000101,0.14725785274214725,0.0,0.31037268962731035,-7.6716453067979735,-Infinity,-9.200391041122515,-1.9155701285539113,-Infinity,-1.16998147899203,9,98,2014-09-09 00:00:00 UTC
32,0.016732525171343736,0.0074167702041636465,0.00010046212577858148,0.1469760900140647,0.0,0.30872011251758086,-7.676603637488234,-Infinity,-9.2057297594185,-1.917485358398375,-Infinity,-1.175320197288015,9,98,2014-09-10 00:00:00 UTC
33,0.016827592351296876,0.007404786110094034,0.00010023053021950487,0.14784003207376967,0.0,0.30800841936453843,-7.678003949010598,-Infinity,-9.208037722913508,-1.911624454139587,-Infinity,-1.1776281607830226,9,98,2014-09-11 00:00:00 UTC
34,0.016876792742312054,0.007398316540944976,0.00010006003602161297,0.1482889733840304,0.0,0.30748449069441663,-7.679180358325449,-Infinity,-9.20974019190415,-1.9085923860481182,-Infinity,-1.1793306297736657,9,98,2014-09-12 00:00:00 UTC
35,0.016947082014548275,0.007391202358004667,9.995002498750625e-05,0.1489255372313843,0.0,0.3071464267866067,-7.679682236429859,-Infinity,-9.210840247017833,-1.904308848078329,-Infinity,-1.1804306848873491,9,98,2014-09-13 00:00:00 UTC
36,0.017063333776536804,0.00738340809000106,9.972078181092939e-05,0.14998005584363783,0.0,0.30644196250498607,-7.6809393258490655,-Infinity,-9.213136459278184,-1.8972529547683987,-Infinity,-1.1827268971476992,9,98,2014-09-14 00:00:00 UTC
37,0.01712976795139926,0.007375881335504024,9.959167413604223e-05,0.15058261129369585,0.0,0.30604521462005774,-7.681645406202575,-Infinity,-9.214431989879436,-1.893243433139958,-Infinity,-1.1840224277489517,9,98,2014-09-15 00:00:00 UTC
38,0.017221394270574588,0.007369445542747655,9.935419771485345e-05,0.15141579731743665,0.0,0.30531544957774465,-7.683154401118461,-Infinity,-9.216819338073892,-1.8877256018273003,-Infinity,-1.1864097759434074,9,98,2014-09-16 00:00:00 UTC
39,0.01726094092506306,0.0073665234905303445,9.91375037176564e-05,0.15177951819173194,0.0,0.3046495489243581,-7.684828623720397,-Infinity,-9.219002745054835,-1.8853263493971515,-Infinity,-1.1885931829243508,9,98,2014-09-17 00:00:00 UTC
40,0.01735253094351642,0.0073608172141051715,9.884353069091628e-05,0.15261441138677473,0.0,0.30374616981318575,-7.6868588532128905,-Infinity,-9.22197245620589,-1.8798407256211689,-Infinity,-1.1915628940754057,9,98,2014-09-18 00:00:00 UTC
41,0.017389206850426504,0.007354510780037299,9.867771857114664e-05,0.1529504637852773,0.0,0.30323662916913363,-7.688106840895236,-Infinity,-9.223651386035854,-1.8776411761225626,-Infinity,-1.1932418239053704,9,98,2014-09-19 00:00:00 UTC
42,0.017388160273477296,0.007351446643147945,9.860960457548565e-05,0.15294349669657825,0.0,0.3030273148604674,-7.688725684997684,-Infinity,-9.224341891611996,-1.8776867284354575,-Infinity,-1.1939323294815116,9,98,2014-09-20 00:00:00 UTC
43,0.017425759914184706,0.007347220239686852,9.851246182642104e-05,0.15328539060191115,0.0,0.3027287951925919,-7.68935367944103,-Infinity,-9.225327501784431,-1.875453797046094,-Infinity,-1.1949179396539464,9,98,2014-09-21 00:00:00 UTC
44,0.01744719926538108,0.007342842686070884,9.838646202282565e-05,0.15348288075560804,0.0,0.3023415977961432,-7.690348255929404,-Infinity,-9.226607344440055,-1.874166244196472,-Infinity,-1.1961977823095702,9,98,2014-09-22 00:00:00 UTC
45,0.017407407407407406,0.007349939975990395,9.80392156862745e-05,0.15313725490196078,0.0,0.30127450980392156,-7.693741551855485,-Infinity,-9.230142999272363,-1.8764206688727312,-Infinity,-1.1997334371418777,9,98,2014-09-23 00:00:00 UTC
46,0.01741894746009972,0.007345619023623556,9.798157946306095e-05,0.15324319028022731,0.0,0.3010973936899863,-7.694187437461967,-Infinity,-9.230731061623917,-1.8757291405186605,-Infinity,-1.2003214994934321,9,98,2014-09-24 00:00:00 UTC
47,0.017413828756761465,0.007344459970294338,9.795278675678323e-05,0.15319815848760898,0.0,0.3010089137035949,-7.694481339007067,-Infinity,-9.231024963169016,-1.876023042063759,-Infinity,-1.2006154010385306,9,98,2014-09-25 00:00:00 UTC
48,0.017408713060886965,0.0073423023733582785,9.792401096748923e-05,0.15315315315315314,0.0,0.3009204857030944,-7.694775154199429,-Infinity,-9.231318778361375,-1.8763168572561182,-Infinity,-1.2009092162308899,9,98,2014-09-26 00:00:00 UTC
49,0.01740700849679602,0.007342582582822613,9.791442279447762e-05,0.153138157250563,0.0,0.3008910212474297,-7.694873073416151,-Infinity,-9.2314166975781,-1.8764147764728425,-Infinity,-1.2010071354476144,9,98,2014-09-27 00:00:00 UTC
50,0.017403600369826515,0.007341144974876878,9.78952520802741e-05,0.1531081742535487,0.0,0.3008321096426823,-7.695068883089776,-Infinity,-9.231612507251722,-1.8766105861464661,-Infinity,-1.2012029451212378,9,98,2014-09-28 00:00:00 UTC
51,0.01740936473760902,0.0073389896181608304,9.786651008025054e-05,0.1531610882755921,0.0,0.3007437854766099,-7.69529150552113,-Infinity,-9.231906149890744,-1.8762650469164897,-Infinity,-1.2014965877602586,9,98,2014-09-29 00:00:00 UTC
52,0.017407661110567463,0.00733827144714427,9.785693316371466e-05,0.15314610040121343,0.0,0.30071435561209514,-7.695389367242596,-Infinity,-9.23200401161221,-1.8763629086379554,-Infinity,-1.2015944494817243,9,98,2014-09-30 00:00:00 UTC
53,0.01741917957076881,0.007337957187765081,9.779951100244499e-05,0.1532518337408313,0.0,0.30053789731051345,-7.695834432165635,-Infinity,-9.232590980911002,-1.8756727385549816,-Infinity,-1.2021814187805178,9,98,2014-10-01 00:00:00 UTC
54,0.01741747615011843,0.0073382374659231985,9.778994719342852e-05,0.1532368472521025,0.0,0.3005085077254058,-7.695932226894578,-Infinity,-9.232688775639945,-1.8757705332839236,-Infinity,-1.20227921350946,9,98,2014-10-02 00:00:00 UTC
55,0.017403860769113846,0.007337486489612459,9.771350400625366e-05,0.1531170607777995,0.0,0.3002735978112175,-7.69671424061967,-Infinity,-9.233470789365038,-1.8765525470090163,-Infinity,-1.2030612272345524,9,98,2014-10-03 00:00:00 UTC
56,0.01740451388888889,0.007337173150510202,9.765625e-05,0.153125,0.0,0.30009765625,-7.697229465564318,-Infinity,-9.234056898593499,-1.8765006976831455,-Infinity,-1.203647336463014,9,98,2014-10-04 00:00:00 UTC
57,0.017397717905332125,0.007336300392863123,9.761811792268645e-05,0.15306520890277237,0.0,0.29998047637641545,-7.697620014290237,-Infinity,-9.234447447319416,-1.8768912464090626,-Infinity,-1.2040378851889313,9,98,2014-10-05 00:00:00 UTC
58,0.017384141847661166,0.007338538224497757,9.754194303550527e-05,0.15294576667967225,0.0,0.2997463909481077,-7.6984006544547805,-Infinity,-9.235228087483963,-1.8776718865736086,-Infinity,-1.204818525353477,9,98,2014-10-06 00:00:00 UTC
59,0.01738819552782111,0.007338660893374511,9.750390015600624e-05,0.15298361934477378,0.0,0.2996294851794072,-7.698719907039862,-Infinity,-9.23561817916045,-1.8774244264274187,-Infinity,-1.2052086170299665,9,98,2014-10-07 00:00:00 UTC
60,0.017393941363139136,0.007336514876932349,9.747538746466517e-05,0.1530363583195243,0.0,0.29954186567891605,-7.69894158201053,-Infinity,-9.235910648087712,-1.877079749745359,-Infinity,-1.2055010859572282,9,98,2014-10-08 00:00:00 UTC
61,0.017402032401545402,0.007334773784842661,9.739943508327652e-05,0.15311191195091067,0.0,0.2993084640109087,-7.699579628483251,-Infinity,-9.236690147298965,-1.876586174309813,-Infinity,-1.2062805851684801,9,98,2014-10-09 00:00:00 UTC
62,0.017402032401545402,0.007334773784842661,9.739943508327652e-05,0.15311191195091067,0.0,0.2993084640109087,-7.699579628483251,-Infinity,-9.236690147298965,-1.876586174309813,-Infinity,-1.2062805851684801,9,98,2014-10-10 00:00:00 UTC
63,0.017402032401545402,0.007334773784842661,9.739943508327652e-05,0.15311191195091067,0.0,0.2993084640109087,-7.699579628483251,-Infinity,-9.236690147298965,-1.876586174309813,-Infinity,-1.2062805851684801,9,98,2014-10-11 00:00:00 UTC
64,0.01739186865245465,0.0073334697453399725,9.734254842791784e-05,0.15302248612868685,0.0,0.29913365131899156,-7.700163854400551,-Infinity,-9.237274373216264,-1.877170400227112,-Infinity,-1.206864811085779,9,98,2014-10-12 00:00:00 UTC
65,0.017381716768816682,0.00733216722821048,9.728572818367545e-05,0.1529331647047378,0.0,0.29895904270843465,-7.700747739197207,-Infinity,-9.237858258012922,-1.8777542850237703,-Infinity,-1.2074486958824373,9,98,2014-10-13 00:00:00 UTC
66,0.01740906438436102,0.007330027906902888,9.725734292939116e-05,0.1531803151137911,0.0,0.2988718148220191,-7.700827711769672,-Infinity,-9.23815007261545,-1.8761395213557164,-Infinity,-1.2077405104849652,9,98,2014-10-14 00:00:00 UTC
67,0.017404636197756392,0.007328575196476413,9.717228646390049e-05,0.1531435234671072,0.0,0.2986104363035662,-7.701632120639413,-Infinity,-9.239025005836092,-1.8763797354182672,-Infinity,-1.2086154437056071,9,98,2014-10-15 00:00:00 UTC
68,0.01740697574030907,0.007327989470846613,9.712509712509713e-05,0.15316627816627817,0.0,0.2984654234654235,-7.7020473844631505,-Infinity,-9.239510749275963,-1.8762311623129242,-Infinity,-1.2091011871454778,9,98,2014-10-16 00:00:00 UTC
69,0.017416075879706068,0.0073272778082778215,9.711566475672526e-05,0.15324851898611247,0.0,0.29843643779741674,-7.702074069905852,-Infinity,-9.239607869656751,-1.8756943682509313,-Infinity,-1.209198307526266,9,98,2014-10-17 00:00:00 UTC
70,0.017414384670162496,0.007327557163863797,9.710623422023694e-05,0.1532336375995339,0.0,0.29840745775878813,-7.702171180855187,-Infinity,-9.239704980606087,-1.875791479200267,-Infinity,-1.209295418475602,9,98,2014-10-18 00:00:00 UTC
71,0.017427502237751677,0.007324991532087933,9.705910899737941e-05,0.15335339221585945,0.0,0.2982626419489469,-7.702515858125815,-Infinity,-9.240190393945069,-1.8750102679240557,-Infinity,-1.2097808318145833,9,98,2014-10-19 00:00:00 UTC
72,0.017459394252724997,0.007318728189220632,9.693679720822024e-05,0.1536448235750291,0.0,0.2978867778208608,-7.703425768927496,-Infinity,-9.241451367001236,-1.8731116806898542,-Infinity,-1.2110418048707507,9,98,2014-10-20 00:00:00 UTC
73,0.01749399821292079,0.0073151826373413446,9.688983625617673e-05,0.1539579498110648,0.0,0.2977424668152311,-7.703630282133823,-Infinity,-9.241935933565934,-1.8710757670292173,-Infinity,-1.2115263714354487,9,98,2014-10-21 00:00:00 UTC
74,0.017509330063777844,0.007313040403461746,9.679605072113058e-05,0.15409931274803987,0.0,0.29745426386603424,-7.704389133654266,-Infinity,-9.242904362849446,-1.8701579964451172,-Infinity,-1.2124948007189609,9,98,2014-10-22 00:00:00 UTC
75,0.01750483558994198,0.007307661942920301,9.671179883945841e-05,0.15406189555125727,0.0,0.2971953578336557,-7.705190147366606,-Infinity,-9.24377514806242,-1.8704008381523716,-Infinity,-1.2133655859319354,9,98,2014-10-23 00:00:00 UTC
76,0.01753255816450329,0.007305250827744376,9.662769349695623e-05,0.15431442651463909,0.0,0.2969369021161465,-7.70578152627181,-Infinity,-9.244645175668174,-1.8687630274531606,-Infinity,-1.2142356135376884,9,98,2014-10-24 00:00:00 UTC
77,0.0175489438433797,0.007304119483960507,9.659969088098918e-05,0.1544629057187017,0.0,0.29685085007727974,-7.705932304608879,-Infinity,-9.244935016740682,-1.8678013039067276,-Infinity,-1.2145254546101971,9,98,2014-10-25 00:00:00 UTC
78,0.017599742599742604,0.007299464187219291,9.652509652509652e-05,0.15492277992277992,0.0,0.29662162162162165,-7.706288656711654,-Infinity,-9.245707515813475,-1.8648284802493578,-Infinity,-1.2152979536829893,9,98,2014-10-26 00:00:00 UTC
79,0.017657773491910417,0.007292425166788025,9.643201542912247e-05,0.1554484088717454,0.0,0.29633558341369337,-7.706769899065922,-Infinity,-9.246672301223573,-1.8614413781569994,-Infinity,-1.2162627390930882,9,98,2014-10-27 00:00:00 UTC
80,0.017733684368244188,0.007283996241532633,9.632055480639569e-05,0.1561356193411674,0.0,0.29599306492005395,-7.707307792155181,-Infinity,-9.247828816387175,-1.8570302946514983,-Infinity,-1.2174192542566897,9,98,2014-10-28 00:00:00 UTC
81,0.01778712823945682,0.007285423493295184,9.56297217175098e-05,0.15664148417328105,0.0,0.29387013483790764,-7.7133466717357795,-Infinity,-9.25502688959859,-1.853795625185574,-Infinity,-1.224617327468104,9,98,2014-10-29 00:00:00 UTC
82,0.017782026768642448,0.007285285050922855,9.560229445506692e-05,0.15659655831739963,0.0,0.29378585086042064,-7.713633519756105,-Infinity,-9.255313737618915,-1.8540824732058991,-Infinity,-1.2249041754884293,9,98,2014-10-30 00:00:00 UTC
83,0.017784148218930824,0.007285704535039046,9.555661729574773e-05,0.15661729574773053,0.0,0.2936454849498328,-7.714043604313866,-Infinity,-9.2557916348801,-1.8539500561362705,-Infinity,-1.2253820727496154,9,98,2014-10-31 00:00:00 UTC
84,0.017816805065063154,0.007280281588630485,9.544716999140975e-05,0.15691514746587765,0.0,0.2933091533836022,-7.7148511826898085,-Infinity,-9.256937657352966,-1.8520500817368397,-Infinity,-1.2265280952224802,9,98,2014-11-01 00:00:00 UTC
85,0.01785279128656643,0.007277231479985909,9.535615523982073e-05,0.15724229999046438,0.0,0.2930294650519691,-7.715467782844197,-Infinity,-9.257891673834406,-1.8499673512748063,-Infinity,-1.2274821117039205,9,98,2014-11-02 00:00:00 UTC
86,0.01790099932249322,0.007271963663514191,9.527439024390244e-05,0.15767911585365854,0.0,0.2927782012195122,-7.715922068499045,-Infinity,-9.25874951118387,-1.847193223372707,-Infinity,-1.2283399490533855,9,98,2014-11-03 00:00:00 UTC
87,0.017968882124133268,0.007265748765259532,9.512937595129375e-05,0.1582952815829528,0.0,0.2923325722983257,-7.716842705420678,-Infinity,-9.260272740724393,-1.8432931193432378,-Infinity,-1.2298631785939071,9,98,2014-11-04 00:00:00 UTC
88,0.01803456977836907,0.007259123358551816,9.502993442934525e-05,0.15889005036586526,0.0,0.2920269885013779,-7.71735567340782,-Infinity,-9.261318616740812,-1.8395428230961652,-Infinity,-1.2309090546103276,9,98,2014-11-05 00:00:00 UTC
89,0.018145969085426296,0.007248790577153234,9.48946669197191e-05,0.15989751375972672,0.0,0.2916113114442968,-7.717919546420483,-Infinity,-9.262743050769231,-1.833222207982769,-Infinity,-1.2323334886387465,9,98,2014-11-06 00:00:00 UTC
90,0.018236475052291902,0.0072367798694541715,9.459842966606754e-05,0.16072273200264875,0.0,0.2907009743638256,-7.720126813099307,-Infinity,-9.265869681768663,-1.828074560096731,-Infinity,-1.2354601196381783,9,98,2014-11-07 00:00:00 UTC
91,0.01826829191470598,0.0072314667150050055,9.44911650760654e-05,0.16101294528961543,0.0,0.29037135027874894,-7.720934840900219,-Infinity,-9.267004219093725,-1.8262705117044633,-Infinity,-1.2365946569632398,9,98,2014-11-08 00:00:00 UTC
92,0.01828251360961641,0.0072256033537742535,9.440196356084207e-05,0.1611441517983574,0.0,0.2900972340224677,-7.721683860246862,-Infinity,-9.267948684596496,-1.8254559618020556,-Infinity,-1.2375391224660115,9,98,2014-11-09 00:00:00 UTC
93,0.018314096717719705,0.007222475743764813,9.434852344560808e-05,0.1614303236154354,0.0,0.28993301254835363,-7.7219900504445365,-Infinity,-9.268514936027255,-1.8236816621350616,-Infinity,-1.2381053738967702,9,98,2014-11-10 00:00:00 UTC
94,0.018326851503366364,0.0072181300069896264,9.40910801656003e-05,0.16155438464433572,0.0,0.28914188934888974,-7.7243334671852875,-Infinity,-9.271247306879705,-1.8229134459822285,-Infinity,-1.2408377447492194,9,98,2014-11-11 00:00:00 UTC
95,0.018355037983137153,0.0072093638356920545,9.391435011269723e-05,0.1618144252441773,0.0,0.28859879789631854,-7.7258259230882596,-Infinity,-9.273127360074948,-1.821305123547018,-Infinity,-1.242717797944463,9,98,2014-11-12 00:00:00 UTC
96,0.018426610897816064,0.007198946626126804,9.364172675344133e-05,0.1624683959172207,0.0,0.28776102631332523,-7.727961876423407,-Infinity,-9.276034475171546,-1.8172717827905858,-Infinity,-1.2456249130410606,9,98,2014-11-13 00:00:00 UTC
97,0.018463104960206134,0.007194574107930063,9.35103796521414e-05,0.16280157097437817,0.0,0.2873573966710305,-7.728981933717512,-Infinity,-9.277438115508676,-1.8152231757404877,-Infinity,-1.2470285533781922,9,98,2014-11-14 00:00:00 UTC
98,0.01855137423351075,0.007185449583699389,9.337940050424876e-05,0.16360070968344384,0.0,0.28695489774955646,-7.72968379197325,-Infinity,-9.278839788400875,-1.8103265169045382,-Infinity,-1.2484302262703904,9,98,2014-11-15 00:00:00 UTC
99,0.018525414261776202,0.007170024963997889,9.30925339787749e-05,0.16337739713274996,0.0,0.28607335691677527,-7.732570477992933,-Infinity,-9.281916570465405,-1.8116924345654384,-Infinity,-1.25150700833492,9,98,2014-11-16 00:00:00 UTC
100,0.01865940908434877,0.00715365010357455,9.278159213212098e-05,0.16459454444238264,0.0,0.2851178326220078,-7.734719758579909,-Infinity,-9.285262298493443,-1.8042701356239172,-Infinity,-1.2548527363629574,9,98,2014-11-17 00:00:00 UTC
101,0.018907755851307936,0.007128340092347174,9.178522257916475e-05,0.16677374942634235,0.0,0.2820559889857733,-7.736848137821086,-Infinity,-9.29605924737872,-1.791117178982549,-Infinity,-1.2656496852482357,9,98,2014-11-18 00:00:00 UTC
102,0.01898105945507951,0.007101929194649602,9.115770282588879e-05,0.1674567000911577,0.0,0.28012762078395625,-7.742492108509534,-Infinity,-9.302919553269277,-1.7870304680541502,-Infinity,-1.2725099911387912,9,98,2014-11-19 00:00:00 UTC
103,0.019079685746352413,0.007085247518920991,9.018759018759019e-05,0.16838023088023088,0.0,0.27714646464646464,-7.751391381300321,-Infinity,-9.313618721429684,-1.7815305778879618,-Infinity,-1.2832091592991999,9,98,2014-11-20 00:00:00 UTC
104,0.01918036692875864,0.007064995404881037,8.934953538241601e-05,0.16931736954967835,0.0,0.2745711222301644,-7.7590731791076415,-Infinity,-9.322954516345318,-1.7759803988287903,-Infinity,-1.2925449542148324,9,98,2014-11-21 00:00:00 UTC
105,0.01918564527260179,0.007053220578382191,8.873114463176575e-05,0.16938775510204082,0.0,0.27267080745341615,-7.765200413550679,-Infinity,-9.329899607033822,-1.7755647833080743,-Infinity,-1.2994900449033373,9,98,2014-11-22 00:00:00 UTC
106,0.019302414268532374,0.007026924119995619,8.800492827598346e-05,0.17037754114230397,0.0,0.27043914459209717,-7.766158799712828,-Infinity,-9.338117741918008,-1.7697384740814868,-Infinity,-1.3077081797875243,9,98,2014-11-23 00:00:00 UTC
107,0.019241570313559147,0.007029201780067082,8.715356458079135e-05,0.16977514380338155,0.0,0.26782290395677183,-7.769772234008261,-Infinity,-9.347838885161817,-1.7732804009593361,-Infinity,-1.3174293230313316,9,98,2014-11-24 00:00:00 UTC
108,0.01934913913135329,0.007012605405138462,8.642295393656556e-05,0.17077175697865354,0.0,0.2655777374470659,-7.776604885266634,-Infinity,-9.356257246876337,-1.7674273685685242,-Infinity,-1.325847684745853,9,98,2014-11-25 00:00:00 UTC
109,0.019207716539823252,0.0070063987792992905,8.363301831563101e-05,0.1696077611440997,0.0,0.2570042652839341,-7.806533633153957,-Infinity,-9.38907215991958,-1.774266795208506,-Infinity,-1.3586625977890954,9,98,2014-11-26 00:00:00 UTC
110,0.019250940393518524,0.006994545865221088,8.138020833333333e-05,0.17008463541666666,0.0,0.2500813802083333,-7.8304939308165205,-Infinity,-9.416378455387454,-1.7714591104285968,-Infinity,-1.385968893256969,9,98,2014-11-27 00:00:00 UTC
111,0.01913000008926738,0.006986356846908441,8.034064433196755e-05,0.16903671567445971,0.0,0.24688680003213626,-7.842608581219072,-Infinity,-9.429234909000977,-1.777639335143377,-Infinity,-1.398825346870493,9,98,2014-11-28 00:00:00 UTC
112,0.019234167373480358,0.006960942774056187,7.951653944020357e-05,0.17000636132315522,0.0,0.24435432569974555,-7.8511380182507065,-Infinity,-9.439545514668987,-1.7719194230839972,-Infinity,-1.4091359525385032,9,98,2014-11-29 00:00:00 UTC
113,0.019250013166903678,0.006949706727374154,7.900142202559646e-05,0.17016906304313478,0.0,0.24277136988465792,-7.856808790457931,-Infinity,-9.44604470533525,-1.7709628476189168,-Infinity,-1.415635143204766,9,98,2014-11-30 00:00:00 UTC
114,0.01933882137723768,0.00692885543084345,7.840062720501764e-05,0.17099176793414347,0.0,0.2409251274010192,-7.863058614755782,-Infinity,-9.453678630575912,-1.7661398643742827,-Infinity,-1.4232690684454272,9,98,2014-12-01 00:00:00 UTC
115,0.01931121873318405,0.006926532525211307,7.811279487580065e-05,0.17075456959850024,0.0,0.24004061865333542,-7.866482238266836,-Infinity,-9.45735668770195,-1.7675280189654647,-Infinity,-1.426947125571464,9,98,2014-12-02 00:00:00 UTC
116,0.019215676127886015,0.006932090541720064,7.762167197081425e-05,0.16991383994411238,0.0,0.2385313979663122,-7.872637061380148,-Infinity,-9.463663891791525,-1.7724637942686619,-Infinity,-1.43325432966104,9,98,2014-12-03 00:00:00 UTC
117,0.019320303961307753,0.006921799003855285,7.745333436604446e-05,0.17086205561149406,0.0,0.23801409650685462,-7.873948542842164,-Infinity,-9.465834940174718,-1.7668987403612708,-Infinity,-1.4354253780442339,9,98,2014-12-04 00:00:00 UTC
118,0.019323297934494974,0.0069145041251885845,7.732755954222085e-05,0.17089390658830808,0.0,0.23762759047324467,-7.875372453212955,-Infinity,-9.467460138845324,-1.766712344333525,-Infinity,-1.437050576714839,9,98,2014-12-05 00:00:00 UTC
119,0.019284241506463722,0.0069182212039354905,7.7000077000077e-05,0.17055517055517055,0.0,0.23662123662123663,-7.879365351814673,-Infinity,-9.471704136110091,-1.7686964536308543,-Infinity,-1.4412945739796055,9,98,2014-12-06 00:00:00 UTC
120,0.019227497022290287,0.0069225239866237435,7.656967840735069e-05,0.17006125574272588,0.0,0.23529862174578867,-7.884670047266648,-Infinity,-9.477309402830421,-1.7715965789359946,-Infinity,-1.4468998406999374,9,98,2014-12-07 00:00:00 UTC
121,0.019234360410831007,0.006919131288879185,7.639419404125286e-05,0.17012987012987013,0.0,0.23475935828877006,-7.886664742966512,-Infinity,-9.479603858903946,-1.771193191646578,-Infinity,-1.449194296773461,9,98,2014-12-08 00:00:00 UTC
122,0.019261515036162927,0.006909410128726022,7.613247049866768e-05,0.17038446897601828,0.0,0.2339550818424058,-7.889549117113928,-Infinity,-9.48303570211964,-1.7696978132477696,-Infinity,-1.4526261399891556,9,98,2014-12-09 00:00:00 UTC
123,0.01928918590522479,0.006901393607260639,7.594167679222357e-05,0.17064094775212638,0.0,0.23336877278250304,-7.891612406431867,-Infinity,-9.485544922916851,-1.768193650731522,-Infinity,-1.4551353607863664,9,98,2014-12-10 00:00:00 UTC
124,0.019314893330641358,0.0068974894621688715,7.571168988491823e-05,0.17088128407026046,0.0,0.23266202301635372,-7.894152079711399,-Infinity,-9.488577985599964,-1.7667862087824282,-Infinity,-1.4581684234694794,9,98,2014-12-11 00:00:00 UTC
125,0.019272325242474495,0.0068957931431279165,7.538067239559776e-05,0.17051108095884215,0.0,0.23164480627167194,-7.8982878686571025,-Infinity,-9.492959650085501,-1.7689549934094355,-Infinity,-1.4625500879550166,9,98,2014-12-12 00:00:00 UTC
126,0.019358938979620845,0.00688719832028544,7.526153383005946e-05,0.17129525099721532,0.0,0.2312786934597727,-7.899184040210669,-Infinity,-9.494541392591309,-1.7643665973450864,-Infinity,-1.4641318304608233,9,98,2014-12-13 00:00:00 UTC
127,0.019415450593643874,0.006876280586575701,7.509198768491402e-05,0.1718104678230833,0.0,0.23075767815574078,-7.900855056982231,-Infinity,-9.496796693502144,-1.7613633410024563,-Infinity,-1.4663871313716603,9,98,2014-12-14 00:00:00 UTC
128,0.019422979134885502,0.006870089922081819,7.502438292445044e-05,0.17188086127991598,0.0,0.23054992872683622,-7.9016101628670175,-Infinity,-9.497697391604019,-1.7609537091505227,-Infinity,-1.4672878294735334,9,98,2014-12-15 00:00:00 UTC
129,0.01945444244484437,0.006868014152271585,7.498500299940011e-05,0.17216556688662268,0.0,0.23042891421715656,-7.9018929651396315,-Infinity,-9.49822242443063,-1.7592986669911728,-Infinity,-1.4678128623001454,9,98,2014-12-16 00:00:00 UTC
130,0.01945256355808705,0.006868999567150549,7.494566439331484e-05,0.1721501911114442,0.0,0.23030802668065653,-7.9023693396459045,-Infinity,-9.49874718174242,-1.7593879790533224,-Infinity,-1.468337619611936,9,98,2014-12-17 00:00:00 UTC
131,0.019468790837432685,0.0068682053688956446,7.491197842535021e-05,0.1722975503783055,0.0,0.2302045097011012,-7.902673890422758,-Infinity,-9.499196754655733,-1.7585323527384913,-Infinity,-1.4687871925252478,9,98,2014-12-18 00:00:00 UTC
132,0.01950120167319478,0.006865091669479703,7.484469725319961e-05,0.1725918718658783,0.0,0.2299977546590824,-7.903282952699058,-Infinity,-9.500095294588894,-1.7568255937598898,-Infinity,-1.4696857324584094,9,98,2014-12-19 00:00:00 UTC
133,0.019450450226562957,0.006870428779876973,7.455453664355477e-05,0.17214642510996794,0.0,0.22910609110564378,-7.90702286650942,-Infinity,-9.50397966490209,-1.759409855547595,-Infinity,-1.4735701027716057,9,98,2014-12-20 00:00:00 UTC
134,0.019466170080695223,0.006868848097898379,7.4487895716946e-05,0.17229050279329608,0.000446927374301676,0.22890130353817503,-7.907724803998068,-5.866843960923643,-9.504873919377065,-1.7585732571456263,-7.7131144501490105,-1.4744643572465808,9,98,2014-12-21 00:00:00 UTC
135,0.019487230366015986,0.006866248247941191,7.441029838529652e-05,0.17248307165711735,0.0004464617903117792,0.22866284693801622,-7.908527162093815,-5.865538164209663,-9.505916206547065,-1.7574561826473671,-7.714156737319009,-1.4755066444165794,9,98,2014-12-22 00:00:00 UTC
136,0.01951695132330218,0.00686292216001445,7.436602959767977e-05,0.17275228675541013,0.0004461961775860787,0.22852680895366997,-7.908882855273878,-5.865581563146972,-9.50651131182387,-1.7558965790534609,-7.714751842595815,-1.4761017496933853,9,98,2014-12-23 00:00:00 UTC
137,0.01952085914911194,0.00686290873226614,7.434944237918216e-05,0.17278810408921932,0.0004460966542750929,0.22847583643122676,-7.90905810790206,-5.864850288822368,-9.506734385029985,-1.7556892670581834,-7.71497491580193,-1.4763248228995005,9,98,2014-12-24 00:00:00 UTC
138,0.019523314008225563,0.006860868325329242,7.432733759476735e-05,0.1728110599078341,0.0004459640255686041,0.22840790842872008,-7.909307661452108,-5.865147642377932,-9.507031738585551,-1.7555564205640943,-7.715272269357496,-1.4766221764550664,9,98,2014-12-25 00:00:00 UTC
139,0.019533118864967412,0.006852718815811397,7.423904974016333e-05,0.1729027468448404,0.00044543429844097997,0.2281365998515219,-7.910305197619536,-5.866336173196794,-9.50822026940441,-1.7550259995200688,-7.716460800176355,-1.477810707273925,9,98,2014-12-26 00:00:00 UTC
140,0.019533118864967412,0.006852718815811397,7.423904974016333e-05,0.1729027468448404,0.00044543429844097997,0.2281365998515219,-7.910305197619536,-5.866336173196794,-9.50822026940441,-1.7550259995200688,-7.716460800176355,-1.477810707273925,9,98,2014-12-27 00:00:00 UTC
141,0.01954381277522141,0.006851441779027174,7.421701053881549e-05,0.1729998515659789,0.000445302063232893,0.22806887338578002,-7.910506735385572,-5.866232873954281,-9.508517181520606,-1.7544645424848482,-7.71675771229255,-1.4781076193901206,9,98,2014-12-28 00:00:00 UTC
142,0.01957876001186591,0.006849387634021273,7.416196974191635e-05,0.1733165232868585,0.0004449718184514981,0.22789973301690894,-7.910962997385239,-5.865494387322103,-9.50925907635395,-1.7526357418150933,-7.717499607125896,-1.4788495142234666,9,98,2014-12-29 00:00:00 UTC
143,0.01957103453954139,0.006847585273457287,7.410151908114116e-05,0.17324935161170804,0.000444609114486847,0.22771396813634678,-7.911730912317489,-5.864633274672383,-9.510074525452104,-1.7530233834200912,-7.71831505622405,-1.4796649633216203,9,98,2014-12-30 00:00:00 UTC
144,0.01959622883656646,0.006845030326657538,7.404116688879017e-05,0.17347845402043535,0.000444247001332741,0.2275285058492522,-7.912308330725084,-5.864426799573872,-9.510889310134788,-1.7517018716269916,-7.719129840906732,-1.4804797480043026,9,98,2014-12-31 00:00:00 UTC
145,0.019591877020258105,0.006845776285197622,7.402472425790214e-05,0.17343992893626473,0.00044414834554741284,0.22747797764453329,-7.912530429559979,-5.863626136959969,-9.51111140896968,-1.7519239704618856,-7.719351939741626,-1.4807018468391966,9,98,2015-01-01 00:00:00 UTC
146,0.01960059171597633,0.006844734935394277,7.396449704142012e-05,0.1735207100591716,0.0004437869822485207,0.227292899408284,-7.913202193442184,-5.862775594425913,-9.511925349596956,-1.7514583203835343,-7.7201658803689,-1.4815157874664704,9,98,2015-01-02 00:00:00 UTC
147,0.01962475561470091,0.006841698678584262,7.39316871211001e-05,0.17373946473458524,0.00044359012272660064,0.2271920745231406,-7.913456595544026,-5.863219282963849,-9.512369038134885,-1.7501984309966807,-7.720609568906831,-1.4819594760044006,9,98,2015-01-03 00:00:00 UTC
148,0.019633927031754237,0.006841432900112973,7.390436774813391e-05,0.17382307294361096,0.0006651393097332053,0.22710812209001552,-7.913731663241639,-5.8594514740302746,-9.512738628263644,-1.7497173192451267,-7.315514050927424,-1.4823290661331596,9,98,2015-01-04 00:00:00 UTC
149,0.019628590645865116,0.006840636741925469,7.382253063635022e-05,0.17377823711796841,0.0011073379595452533,0.2268566366455042,-7.914745172663767,-5.8538296371319944,-9.51384657977485,-1.749975291954627,-6.805796378672639,-1.4834370176443643,9,98,2015-01-05 00:00:00 UTC
150,0.01964974332522782,0.006831042784809756,7.36865374696043e-05,0.17397391496573575,0.0011052980620440645,0.22643872964409403,-7.9162591183852555,-5.854506622728259,-9.51569044208137,-1.748849904995858,-6.80764024097916,-1.485280879950886,9,98,2015-01-06 00:00:00 UTC
151,0.019682913660236587,0.006828515532262069,7.362685907819172e-05,0.17427477543807982,0.001104402886172876,0.22625533794728317,-7.916787333930014,-5.853514565344312,-9.516500665673737,-1.7471220561597527,-6.808450464571527,-1.486091103543252,9,98,2015-01-07 00:00:00 UTC
152,0.019701653663084545,0.0068272561490369706,7.360518180479906e-05,0.17444428087737376,0.001104077727071986,0.2261887236861475,-7.916941061939166,-5.853437931011917,-9.516795129751246,-1.7461498956220705,-6.808744928649037,-1.4863855676207625,9,98,2015-01-08 00:00:00 UTC
153,0.01969875380237464,0.006826251254107769,7.359434795407713e-05,0.1744186046511628,0.001103915219311157,0.22615543126287901,-7.917088261468397,-5.853585130541144,-9.516942329280475,-1.7462970951512977,-6.808892128178265,-1.48653276714999,9,98,2015-01-09 00:00:00 UTC
154,0.01969440561155667,0.006824744466250923,7.357810315650063e-05,0.1743801044809065,0.0011036715473475094,0.22610551099992643,-7.917309020143268,-5.853805889216014,-9.517163087955348,-1.7465178538261703,-6.809112886853137,-1.4867535258248625,9,98,2015-01-10 00:00:00 UTC
155,0.019711679905854665,0.006822234630833793,7.355104442483083e-05,0.17453662842012357,0.0011032656663724624,0.22602235951750516,-7.917536284969862,-5.854173712076676,-9.517530910816006,-1.745620654380243,-6.809480709713797,-1.487121348685522,9,98,2015-01-11 00:00:00 UTC
156,0.019708255741775295,0.0068204729701348355,7.350779182593354e-05,0.17450749779476624,0.0011026168773890033,0.2258894442810938,-7.918077707088291,-5.853399382156891,-9.518119146127086,-1.7457875709574728,-6.810068945024876,-1.4877095839966015,9,98,2015-01-12 00:00:00 UTC
157,0.019718792866941014,0.006819217987018437,7.348618459729571e-05,0.1746031746031746,0.0011022927689594356,0.22582304526748972,-7.918278127779912,-5.853670719526538,-9.518413134075697,-1.7452394535931621,-6.810362932973487,-1.488003571945213,9,98,2015-01-13 00:00:00 UTC
158,0.019718792866941014,0.006819217987018437,7.348618459729571e-05,0.1746031746031746,0.0011022927689594356,0.22582304526748972,-7.918278127779912,-5.853670719526538,-9.518413134075697,-1.7452394535931621,-6.810362932973487,-1.488003571945213,9,98,2015-01-14 00:00:00 UTC
159,0.019708654670094253,0.006816461435841322,7.344840249724569e-05,0.17451340433345575,0.0011017260374586854,0.22570694087403598,-7.918792398812075,-5.854058230150555,-9.51892740510786,-1.7457537246253245,-6.81087720400565,-1.4885178429773753,9,98,2015-01-15 00:00:00 UTC
160,0.019708130419531927,0.006815706239914651,7.341604874825637e-05,0.1745099478746054,0.0011012407312238454,0.22560751780339183,-7.91918623805404,-5.853849183773143,-9.519367998447342,-1.7457735310871476,-6.811317797345132,-1.4889584363168569,9,98,2015-01-16 00:00:00 UTC
161,0.01972154934057599,0.0068147056223942975,7.340527049842179e-05,0.17463113851574544,0.001101079057476327,0.22557439624165015,-7.919239610156893,-5.853996005091864,-9.51951481976606,-1.7450793094631032,-6.811464618663851,-1.489105257635576,9,98,2015-01-17 00:00:00 UTC
162,0.01972757545410876,0.006810198249447064,7.327617791455998e-05,0.174690408148311,0.0010991426687183997,0.2251776947314428,-7.92076650686425,-5.852427244099012,-9.521274996238114,-1.7447399680528732,-6.813224795135904,-1.490865434107629,9,98,2015-01-18 00:00:00 UTC
163,0.019716017738720046,0.006809197498113122,7.323324789454412e-05,0.17458806298059318,0.0010984987184181618,0.2250457707799341,-7.921352544533941,-5.851736106840603,-9.521861033907806,-1.745326005722565,-6.813810832805595,-1.4914514717773206,9,98,2015-01-19 00:00:00 UTC
164,0.019727957566586934,0.006807701847762093,7.32171621027969e-05,0.17469614877727338,0.0010982574315419535,0.22499633914189485,-7.921479045205768,-5.851955782453825,-9.522080709521035,-1.7447071068631732,-6.814030508418824,-1.49167114739055,9,98,2015-01-20 00:00:00 UTC
165,0.019741337237676914,0.006806705112498889,7.320644216691069e-05,0.17481698389458272,0.0010980966325036604,0.22496339677891655,-7.921532371936777,-5.852102206057577,-9.522227133124781,-1.7440156586122884,-6.814176932022571,-1.4918175709942965,9,98,2015-01-21 00:00:00 UTC
166,0.019741337237676914,0.006806705112498889,7.320644216691069e-05,0.17481698389458272,0.0010980966325036604,0.22496339677891655,-7.921532371936777,-5.852102206057577,-9.522227133124781,-1.7440156586122884,-6.814176932022571,-1.4918175709942965,9,98,2015-01-22 00:00:00 UTC
167,0.019745134873583963,0.006805957397231015,7.319036814755179e-05,0.1748517895045012,0.0010978555222132768,0.22491400131742662,-7.921705447949005,-5.8518875194915,-9.522446728338489,-1.7438165810126784,-6.814396527236278,-1.4920371662080032,9,98,2015-01-23 00:00:00 UTC
168,0.01975182149362478,0.006805459303159208,7.318501170960187e-05,0.1749121779859485,0.001097775175644028,0.22489754098360656,-7.921732135905564,-5.851960707181364,-9.522519916028351,-1.7434712711027947,-6.814469714926141,-1.4921103538978664,9,98,2015-01-24 00:00:00 UTC
169,0.01975706132006439,0.006804463333701692,7.317430118542368e-05,0.17495975413434803,0.0010976145177813551,0.22486462754280698,-7.921832014936519,-5.85210706649374,-9.522666275340724,-1.7431993078823989,-6.814616074238514,-1.492256713210239,9,98,2015-01-25 00:00:00 UTC
170,0.01975706132006439,0.006804463333701692,7.317430118542368e-05,0.17495975413434803,0.0010976145177813551,0.22486462754280698,-7.921832014936519,-5.85210706649374,-9.522666275340724,-1.7431993078823989,-6.814616074238514,-1.492256713210239,9,98,2015-01-26 00:00:00 UTC
171,0.01975706132006439,0.006804463333701692,7.317430118542368e-05,0.17495975413434803,0.0010976145177813551,0.22486462754280698,-7.921832014936519,-5.85210706649374,-9.522666275340724,-1.7431993078823989,-6.814616074238514,-1.492256713210239,9,98,2015-01-27 00:00:00 UTC
172,0.01979047293947448,0.006801974684980418,7.31475385853266e-05,0.17526150245044253,0.0010972130787798991,0.22478238607270865,-7.92196570933034,-5.852472871085008,-9.523032079931992,-1.7414761206966523,-6.814981878829782,-1.4926225178015076,9,98,2015-01-28 00:00:00 UTC
173,0.01979425674028569,0.006801974848737215,7.313149041977475e-05,0.17529618253620008,0.0010969723562966214,0.22473307005996782,-7.922138763961082,-5.852443397247937,-9.523251498473739,-1.741278264039355,-6.815201297371529,-1.4928419363432546,9,98,2015-01-29 00:00:00 UTC
174,0.01979425674028569,0.006801974848737215,7.313149041977475e-05,0.17529618253620008,0.0010969723562966214,0.22473307005996782,-7.922138763961082,-5.852443397247937,-9.523251498473739,-1.741278264039355,-6.815201297371529,-1.4928419363432546,9,98,2015-01-30 00:00:00 UTC
175,0.01979425674028569,0.006801974848737215,7.313149041977475e-05,0.17529618253620008,0.0010969723562966214,0.22473307005996782,-7.922138763961082,-5.852443397247937,-9.523251498473739,-1.741278264039355,-6.815201297371529,-1.4928419363432546,9,98,2015-01-31 00:00:00 UTC
176,0.01979425674028569,0.006801974848737215,7.313149041977475e-05,0.17529618253620008,0.0010969723562966214,0.22473307005996782,-7.922138763961082,-5.852443397247937,-9.523251498473739,-1.741278264039355,-6.815201297371529,-1.4928419363432546,9,98,2015-02-01 00:00:00 UTC
177,0.01979425674028569,0.006801974848737215,7.313149041977475e-05,0.17529618253620008,0.0010969723562966214,0.22473307005996782,-7.922138763961082,-5.852443397247937,-9.523251498473739,-1.741278264039355,-6.815201297371529,-1.4928419363432546,9,98,2015-02-02 00:00:00 UTC
178,0.019799486529524547,0.006801726247679529,7.312079555425563e-05,0.175343667739105,0.0010968119333138345,0.22470020473822755,-7.9222386716739726,-5.852467443502294,-9.523397750759193,-1.7410074151717323,-6.815347549656982,-1.4929881886287073,9,98,2015-02-03 00:00:00 UTC
179,0.019799486529524547,0.006801726247679529,7.312079555425563e-05,0.175343667739105,0.0010968119333138345,0.22470020473822755,-7.9222386716739726,-5.852467443502294,-9.523397750759193,-1.7410074151717323,-6.815347549656982,-1.4929881886287073,9,98,2015-02-04 00:00:00 UTC
180,0.01979514421944424,0.006800234532002728,7.31047591198187e-05,0.17530521236932525,0.0010965713867972806,0.22465092477520288,-7.922458010004222,-5.852686781832552,-9.523617089089445,-1.7412267535019847,-6.815566887987234,-1.4932075269589595,9,98,2015-02-05 00:00:00 UTC
181,0.01979514421944424,0.006800234532002728,7.31047591198187e-05,0.17530521236932525,0.0010965713867972806,0.22465092477520288,-7.922458010004222,-5.852686781832552,-9.523617089089445,-1.7412267535019847,-6.815566887987234,-1.4932075269589595,9,98,2015-02-06 00:00:00 UTC
182,0.01979514421944424,0.006800234532002728,7.31047591198187e-05,0.17530521236932525,0.0010965713867972806,0.22465092477520288,-7.922458010004222,-5.852686781832552,-9.523617089089445,-1.7412267535019847,-6.815566887987234,-1.4932075269589595,9,98,2015-02-07 00:00:00 UTC
183,0.01979514421944424,0.006800234532002728,7.31047591198187e-05,0.17530521236932525,0.0010965713867972806,0.22465092477520288,-7.922458010004222,-5.852686781832552,-9.523617089089445,-1.7412267535019847,-6.815566887987234,-1.4932075269589595,9,98,2015-02-08 00:00:00 UTC
184,0.01979514421944424,0.006800234532002728,7.31047591198187e-05,0.17530521236932525,0.0010965713867972806,0.22465092477520288,-7.922458010004222,-5.852686781832552,-9.523617089089445,-1.7412267535019847,-6.815566887987234,-1.4932075269589595,9,98,2015-02-09 00:00:00 UTC
185,0.019801819363222867,0.006799737438835185,7.309941520467836e-05,0.1753654970760234,0.0010964912280701754,0.2246345029239766,-7.922484786841072,-5.852759883919649,-9.523690191176541,-1.740882928336847,-6.815639990074332,-1.4932806290460567,9,98,2015-02-10 00:00:00 UTC
186,0.019805598187531977,0.006798992344142214,7.308338814587444e-05,0.17540013155009868,0.0010962508221881166,0.22458525177227218,-7.9226577551003015,-5.85267453604996,-9.52390946537981,-1.740685449043773,-6.8158592642776,-1.4934999032493255,9,98,2015-02-11 00:00:00 UTC
187,0.01980415083308974,0.006799241181418494,7.307804735457468e-05,0.17538731365097926,0.0010961707103186204,0.22456883952060802,-7.922730835817985,-5.852224215804511,-9.523982546097495,-1.7407585297614583,-6.815932344995285,-1.4935729839670107,9,98,2015-02-12 00:00:00 UTC
188,0.01980415083308974,0.006799241181418494,7.307804735457468e-05,0.17538731365097926,0.0010961707103186204,0.22456883952060802,-7.922730835817985,-5.852224215804511,-9.523982546097495,-1.7407585297614583,-6.815932344995285,-1.4935729839670107,9,98,2015-02-13 00:00:00 UTC
189,0.01980270369017172,0.00679948998232834,7.307270734380708e-05,0.17537449762513702,0.0010960906101571063,0.22455242966751918,-7.922803911195272,-5.852253776908454,-9.52405562147478,-1.7408316051387425,-6.816005420372569,-1.4936460593442948,9,98,2015-02-14 00:00:00 UTC
190,0.019809375355188605,0.00679899316149081,7.306736811340056e-05,0.17543475084027474,0.0010960105217010083,0.2245360222124799,-7.922830694579024,-5.852326846946122,-9.524128691512443,-1.7404880952911899,-6.816078490410233,-1.4937191293819585,9,98,2015-02-15 00:00:00 UTC
191,0.019809375355188605,0.00679899316149081,7.306736811340056e-05,0.17543475084027474,0.0010960105217010083,0.2245360222124799,-7.922830694579024,-5.852326846946122,-9.524128691512443,-1.7404880952911899,-6.816078490410233,-1.4937191293819585,9,98,2015-02-16 00:00:00 UTC
192,0.019809375355188605,0.00679899316149081,7.306736811340056e-05,0.17543475084027474,0.0010960105217010083,0.2245360222124799,-7.922830694579024,-5.852326846946122,-9.524128691512443,-1.7404880952911899,-6.816078490410233,-1.4937191293819585,9,98,2015-02-17 00:00:00 UTC
193,0.019816046045314686,0.006798496413250775,7.306202966318405e-05,0.17549499525096807,0.0010959304449477607,0.22451961715496457,-7.922857491897992,-5.852399911644946,-9.524201756211266,-1.7401447535713375,-6.816151555109056,-1.4937921940807817,9,98,2015-02-18 00:00:00 UTC
194,0.019842719061183744,0.006796510145947207,7.304068366079907e-05,0.17573588488788255,0.001095610254911986,0.22445402088963554,-7.92296482022107,-5.852692117067436,-9.524493961633755,-1.7387730650991318,-6.816443760531546,-1.4940843995032713,9,98,2015-02-19 00:00:00 UTC
195,0.019849384880059724,0.0067960137604559795,7.303534910896874e-05,0.17579608530528776,0.0010955302366345311,0.22443762781186094,-7.922991686987564,-5.852765155083755,-9.524566999650077,-1.738430561867004,-6.816516798547866,-1.4941574375195914,9,98,2015-02-20 00:00:00 UTC
196,0.019849384880059724,0.0067960137604559795,7.303534910896874e-05,0.17579608530528776,0.0010955302366345311,0.22443762781186094,-7.922991686987564,-5.852765155083755,-9.524566999650077,-1.738430561867004,-6.816516798547866,-1.4941574375195914,9,98,2015-02-21 00:00:00 UTC
197,0.019846485890008602,0.006795766356783699,7.30246823426318e-05,0.17577041039871477,0.0010953702351394771,0.22440484883890754,-7.9231377470184965,-5.852587248805358,-9.524713059681009,-1.7385766218979362,-6.816662858578798,-1.4943034975505236,9,98,2015-02-22 00:00:00 UTC
198,0.019839242118240587,0.006793285969033936,7.299802905321556e-05,0.17570625593108985,0.0010949704357982335,0.22432294328053143,-7.923502803788878,-5.852952305575732,-9.52507811645139,-1.7389416786683176,-6.817027915349179,-1.4946685543209048,9,98,2015-02-23 00:00:00 UTC
199,0.01983489839277316,0.006792543320057545,7.298204641658152e-05,0.17566778572471173,0.0010947306962487229,0.224273828638155,-7.923721773900334,-5.853127946188405,-9.525297086562844,-1.7391606487797724,-6.8172468854606345,-1.4948875244323598,9,98,2015-02-24 00:00:00 UTC
200,0.019830556568973205,0.006792545547952855,7.296607077708865e-05,0.1756293323604524,0.0010944910616563297,0.22422473549799343,-7.923940696074374,-5.853260757457892,-9.525516008736886,-1.7393795709538142,-6.817465807634676,-1.4951064466064015,9,98,2015-02-25 00:00:00 UTC
201,0.019843875392135408,0.0067915544418686745,7.295542423579193e-05,0.17574961698402275,0.001094331363536879,0.2241920186765886,-7.923994332587558,-5.853406678952391,-9.525661930231381,-1.73869492761651,-6.817611729129171,-1.4952523681008965,9,98,2015-02-26 00:00:00 UTC
202,0.01982507288629737,0.0067903254596299156,7.28862973760933e-05,0.17558309037900874,0.0010932944606413995,0.2239795918367347,-7.924942303636054,-5.853144977855559,-9.526609901279876,-1.739642898665005,-6.8185597001776665,-1.4962003391493917,9,98,2015-02-27 00:00:00 UTC
203,0.019816406819175278,0.006790330878089249,7.285443683520327e-05,0.17550633833600465,0.001092816552528049,0.22388168439457962,-7.925379525824757,-5.853379553611585,-9.52704712346858,-1.7400801208537087,-6.81899692236637,-1.4966375613380953,9,98,2015-02-28 00:00:00 UTC
204,0.019816406819175278,0.006790330878089249,7.285443683520327e-05,0.17550633833600465,0.001092816552528049,0.22388168439457962,-7.925379525824757,-5.853379553611585,-9.52704712346858,-1.7400801208537087,-6.81899692236637,-1.4966375613380953,9,98,2015-03-01 00:00:00 UTC
205,0.01981207662611989,0.006790333585542901,7.283851700779372e-05,0.17546798747177508,0.0010925777551169058,0.2238327627649501,-7.925598065253784,-5.852894084147889,-9.527265662897605,-1.7402986602827335,-6.819215461795395,-1.4968561007671204,9,98,2015-03-02 00:00:00 UTC
206,0.01981207662611989,0.006790333585542901,7.283851700779372e-05,0.17546798747177508,0.0010925777551169058,0.2238327627649501,-7.925598065253784,-5.852894084147889,-9.527265662897605,-1.7402986602827335,-6.819215461795395,-1.4968561007671204,9,98,2015-03-03 00:00:00 UTC
207,0.019807748325080105,0.0067910793796108725,7.282260413632391e-05,0.1754296533644043,0.0010923390620448587,0.2237838625109234,-7.925816556933758,-5.852985815419712,-9.527484154577582,-1.7405171519627114,-6.8194339534753725,-1.497074592447098,9,98,2015-03-04 00:00:00 UTC
208,0.019807748325080105,0.0067910793796108725,7.282260413632391e-05,0.1754296533644043,0.0010923390620448587,0.2237838625109234,-7.925816556933758,-5.852985815419712,-9.527484154577582,-1.7405171519627114,-6.8194339534753725,-1.497074592447098,9,98,2015-03-05 00:00:00 UTC
209,0.01980630597830044,0.006791327905224564,7.281730139081045e-05,0.17541687905046238,0.001092259520862157,0.22376756717396054,-7.92588937688646,-5.853016729434126,-9.527556974530283,-1.7405899719154105,-6.819506773428071,-1.4971474123997972,9,98,2015-03-06 00:00:00 UTC
210,0.019811511547951306,0.006790338996902005,7.28066982162359e-05,0.1754641427011285,0.0010921004732435385,0.2237349836184929,-7.925988887122238,-5.853162353433211,-9.527702598529375,-1.7403205720446735,-6.819652397427164,-1.4972930363988897,9,98,2015-03-07 00:00:00 UTC
211,0.01981815828641688,0.006789844650731578,7.280139778683751e-05,0.17552417006406523,0.0010920209668025627,0.22371869539895167,-7.926015596537234,-5.853235157481147,-9.527775402577312,-1.7399785243961403,-6.8197252014751015,-1.4973658404468269,9,98,2015-03-08 00:00:00 UTC
212,0.019821918140573068,0.006789847462385489,7.278550112817527e-05,0.17555862872115874,0.001091782516922629,0.2236698449668826,-7.926187901365436,-5.852400637458042,-9.527993782923948,-1.7397822250768722,-6.819943581821738,-1.4975842207934635,9,98,2015-03-09 00:00:00 UTC
213,0.01981903306406618,0.00679034440353538,7.27749072119933e-05,0.17553307619532785,0.0010916236081798996,0.22363728986245543,-7.926333461773262,-5.852361746567638,-9.528139343331775,-1.7399277854846984,-6.820089142229564,-1.4977297812012897,9,98,2015-03-10 00:00:00 UTC
214,0.019810382871414376,0.006788865251490862,7.27431439586819e-05,0.17545646322834074,0.0010911471593802284,0.22353968138502947,-7.926770015912908,-5.852715340237047,-9.52857589747142,-1.7403643396243438,-6.82052569636921,-1.4981663353409354,9,98,2015-03-11 00:00:00 UTC
215,0.019835498674940208,0.006787138939345371,7.271669575334496e-05,0.17568353694008143,0.0010907504363001745,0.2234584060500291,-7.926949554258881,-5.853037761159571,-9.528939547062686,-1.7390709880079798,-6.820889345960475,-1.4985299849322005,9,98,2015-03-12 00:00:00 UTC
216,0.01984213545327483,0.006786645436913951,7.271140841998109e-05,0.17574347415109431,0.0010906711262997164,0.2234421580746019,-7.926976288127706,-5.853110475211593,-9.529012261114708,-1.7387298804112248,-6.820962060012498,-1.4986026989842232,9,98,2015-03-13 00:00:00 UTC
217,0.019848771266540638,0.006786152006243826,7.270612185546023e-05,0.17580340264650285,0.0010905918278319034,0.22342591246182927,-7.9270030357293075,-5.853183183976664,-9.529084969879781,-1.7383889387050433,-6.821034768777571,-1.4986754077492968,9,98,2015-03-14 00:00:00 UTC
218,0.019848771266540638,0.006786152006243826,7.270612185546023e-05,0.17580340264650285,0.0010905918278319034,0.22342591246182927,-7.9270030357293075,-5.853183183976664,-9.529084969879781,-1.7383889387050433,-6.821034768777571,-1.4986754077492968,9,98,2015-03-15 00:00:00 UTC
219,0.019848771266540638,0.006786152006243826,7.270612185546023e-05,0.17580340264650285,0.0010905918278319034,0.22342591246182927,-7.9270030357293075,-5.853183183976664,-9.529084969879781,-1.7383889387050433,-6.821034768777571,-1.4986754077492968,9,98,2015-03-16 00:00:00 UTC
220,0.01984386479046074,0.00678764566932637,7.265857734505559e-05,0.17576109859768946,0.0010898786601758338,0.22327980818135582,-7.927611234669582,-5.853513358767086,-9.529739110979532,-1.7386296003695052,-6.821688909877323,-1.499329548849048,9,98,2015-03-17 00:00:00 UTC
221,0.019850495656947277,0.006787152524479714,7.265329845975008e-05,0.17582098227259518,0.001089799476896251,0.22326358616681197,-7.92763796743623,-5.853586014704922,-9.529811766917371,-1.7382889477666388,-6.821761565815161,-1.4994022047868865,9,98,2015-03-18 00:00:00 UTC
222,0.019849053557735006,0.0067874007576150695,7.264802034144569e-05,0.17580820922629858,0.0010897203051216855,0.22324736650926263,-7.927710618095568,-5.853434390805901,-9.529884417576708,-1.7383615984259757,-6.821834216474498,-1.499474855446223,9,98,2015-03-19 00:00:00 UTC
223,0.019847611668038813,0.006787648954685754,7.26427429899753e-05,0.17579543803574024,0.0010896411448496296,0.2232311492081941,-7.9277832634771706,-5.853287585113825,-9.52995706295831,-1.7384342438075773,-6.8219068618561,-1.499547500827825,9,98,2015-03-20 00:00:00 UTC
224,0.019860869003809154,0.0067866629510607256,7.26321905868681e-05,0.17591516560139453,0.0010894828588030214,0.22319872167344568,-7.927836748969979,-5.853432860046893,-9.530102337891375,-1.737753413778338,-6.822052136789165,-1.4996927757608907,9,98,2015-03-21 00:00:00 UTC
225,0.019860869003809154,0.0067866629510607256,7.26321905868681e-05,0.17591516560139453,0.0010894828588030214,0.22319872167344568,-7.927836748969979,-5.853432860046893,-9.530102337891375,-1.737753413778338,-6.822052136789165,-1.4996927757608907,9,98,2015-03-22 00:00:00 UTC
226,0.019860869003809154,0.0067866629510607256,7.26321905868681e-05,0.17591516560139453,0.0010894828588030214,0.22319872167344568,-7.927836748969979,-5.853432860046893,-9.530102337891375,-1.737753413778338,-6.822052136789165,-1.4996927757608907,9,98,2015-03-23 00:00:00 UTC
227,0.019860869003809154,0.0067866629510607256,7.26321905868681e-05,0.17591516560139453,0.0010894828588030214,0.22319872167344568,-7.927836748969979,-5.853432860046893,-9.530102337891375,-1.737753413778338,-6.822052136789165,-1.4996927757608907,9,98,2015-03-24 00:00:00 UTC
228,0.019859426570153563,0.006786911147638657,7.262691553489724e-05,0.1759023894255211,0.0010894037330234584,0.22318251143873918,-7.927909378522975,-5.853290658893783,-9.530174967444372,-1.7378260433313348,-6.822124766342163,-1.4997654053138878,9,98,2015-03-25 00:00:00 UTC
229,0.019859426570153563,0.006786911147638657,7.262691553489724e-05,0.1759023894255211,0.0010894037330234584,0.22318251143873918,-7.927909378522975,-5.853290658893783,-9.530174967444372,-1.7378260433313348,-6.822124766342163,-1.4997654053138878,9,98,2015-03-26 00:00:00 UTC
230,0.019859426570153563,0.006786911147638657,7.262691553489724e-05,0.1759023894255211,0.0010894037330234584,0.22318251143873918,-7.927909378522975,-5.853290658893783,-9.530174967444372,-1.7378260433313348,-6.822124766342163,-1.4997654053138878,9,98,2015-03-27 00:00:00 UTC
231,0.019859426570153563,0.006786911147638657,7.262691553489724e-05,0.1759023894255211,0.0010894037330234584,0.22318251143873918,-7.927909378522975,-5.853290658893783,-9.530174967444372,-1.7378260433313348,-6.822124766342163,-1.4997654053138878,9,98,2015-03-28 00:00:00 UTC
232,0.019859426570153563,0.006786911147638657,7.262691553489724e-05,0.1759023894255211,0.0010894037330234584,0.22318251143873918,-7.927909378522975,-5.853290658893783,-9.530174967444372,-1.7378260433313348,-6.822124766342163,-1.4997654053138878,9,98,2015-03-29 00:00:00 UTC
233,0.019859426570153563,0.006786911147638657,7.262691553489724e-05,0.1759023894255211,0.0010894037330234584,0.22318251143873918,-7.927909378522975,-5.853290658893783,-9.530174967444372,-1.7378260433313348,-6.822124766342163,-1.4997654053138878,9,98,2015-03-30 00:00:00 UTC
234,0.019872679301914654,0.006785925465967379,7.261636772928619e-05,0.1760220753757897,0.0010892455159392928,0.22315009803209643,-7.9279629081306,-5.853435902176541,-9.530320210727126,-1.7371458635379209,-6.822270009624916,-1.4999106485966414,9,98,2015-03-31 00:00:00 UTC
235,0.019871236324910443,0.006785432732488873,7.261109497531223e-05,0.17600929422015685,0.0010891664246296833,0.22313389485913449,-7.92803552186189,-5.853508515907826,-9.530392824458414,-1.7372184772692092,-6.822342623356205,-1.4999832623279297,9,98,2015-04-01 00:00:00 UTC
236,0.01986979355744331,0.006784940070561004,7.260582298700355e-05,0.17599651492049662,0.0010890873448050533,0.22311769403906193,-7.928108130320805,-5.853581124366744,-9.530465432917332,-1.7372910857281267,-6.822415231815122,-1.5000558707868472,9,98,2015-04-02 00:00:00 UTC
237,0.019866908650937688,0.0067854364976480605,7.259528130671507e-05,0.17597096188747732,0.001088929219600726,0.2230852994555354,-7.92825333142459,-5.853700228060825,-9.530610634021116,-1.7374362868319102,-6.822560432918905,-1.5002010718906305,9,98,2015-04-03 00:00:00 UTC
238,0.019865466511807983,0.006785684657138118,7.259001161440186e-05,0.1759581881533101,0.0010888501742160278,0.22306910569105692,-7.928325924070985,-5.853759796989265,-9.530683226667511,-1.737508879478307,-6.822633025565302,-1.5002736645370274,9,98,2015-04-04 00:00:00 UTC
239,0.019865466511807983,0.006785684657138118,7.259001161440186e-05,0.1759581881533101,0.0010888501742160278,0.22306910569105692,-7.928325924070985,-5.853759796989265,-9.530683226667511,-1.737508879478307,-6.822633025565302,-1.5002736645370274,9,98,2015-04-05 00:00:00 UTC
240,0.019865466511807983,0.006785684657138118,7.259001161440186e-05,0.1759581881533101,0.0010888501742160278,0.22306910569105692,-7.928325924070985,-5.853759796989265,-9.530683226667511,-1.737508879478307,-6.822633025565302,-1.5002736645370274,9,98,2015-04-06 00:00:00 UTC
241,0.01989195291082083,0.006783714937353754,7.256894049346879e-05,0.17619738751814223,0.0010885341074020319,0.2230043541364296,-7.928433041416658,-5.854050114889402,-9.53097354456765,-1.7361503923882606,-6.8229233434654395,-1.5005639824371648,9,98,2015-04-07 00:00:00 UTC
242,0.019905190344894307,0.006782730506220769,7.255840951966333e-05,0.17631693513278188,0.00108837614279495,0.2229719924539254,-7.928486681637805,-5.854195242238905,-9.531118671917154,-1.735472135582559,-6.823068470814943,-1.5007091097866687,9,98,2015-04-08 00:00:00 UTC
243,0.019905190344894307,0.006782730506220769,7.255840951966333e-05,0.17631693513278188,0.00108837614279495,0.2229719924539254,-7.928486681637805,-5.854195242238905,-9.531118671917154,-1.735472135582559,-6.823068470814943,-1.5007091097866687,9,98,2015-04-09 00:00:00 UTC
244,0.019905190344894307,0.006782730506220769,7.255840951966333e-05,0.17631693513278188,0.00108837614279495,0.2229719924539254,-7.928486681637805,-5.854195242238905,-9.531118671917154,-1.735472135582559,-6.823068470814943,-1.5007091097866687,9,98,2015-04-10 00:00:00 UTC
245,0.019905190344894307,0.006782730506220769,7.255840951966333e-05,0.17631693513278188,0.00108837614279495,0.2229719924539254,-7.928486681637805,-5.854195242238905,-9.531118671917154,-1.735472135582559,-6.823068470814943,-1.5007091097866687,9,98,2015-04-11 00:00:00 UTC
246,0.019905190344894307,0.006782730506220769,7.255840951966333e-05,0.17631693513278188,0.00108837614279495,0.2229719924539254,-7.928486681637805,-5.854195242238905,-9.531118671917154,-1.735472135582559,-6.823068470814943,-1.5007091097866687,9,98,2015-04-12 00:00:00 UTC
247,0.019905190344894307,0.006782730506220769,7.255840951966333e-05,0.17631693513278188,0.00108837614279495,0.2229719924539254,-7.928486681637805,-5.854195242238905,-9.531118671917154,-1.735472135582559,-6.823068470814943,-1.5007091097866687,9,98,2015-04-13 00:00:00 UTC
248,0.01991180762130483,0.006782238397789663,7.25531451788435e-05,0.17637669592976857,0.0010882971776826525,0.2229558151345861,-7.928513522083809,-5.854267798016187,-9.531191227694439,-1.7351332533783155,-6.8231410265922285,-1.500781665563954,9,98,2015-04-14 00:00:00 UTC
249,0.01991180762130483,0.006782238397789663,7.25531451788435e-05,0.17637669592976857,0.0010882971776826525,0.2229558151345861,-7.928513522083809,-5.854267798016187,-9.531191227694439,-1.7351332533783155,-6.8231410265922285,-1.500781665563954,9,98,2015-04-15 00:00:00 UTC
250,0.019918423937576576,0.006781746360761365,7.254788160185723e-05,0.17643644805571676,0.0010882182240278583,0.22293964016250725,-7.928540376067144,-5.8543403485295125,-9.531263778207766,-1.734794535121708,-6.823213577105555,-1.5008542160772809,9,98,2015-04-16 00:00:00 UTC
251,0.01991553427793092,0.006781502677960781,7.253735673872045e-05,0.17641085158856812,0.0010880603510808066,0.22290729725808792,-7.928685461304976,-5.853902184646529,-9.531408863445597,-1.7349396203595395,-6.823358662343387,-1.5009993013151124,9,98,2015-04-17 00:00:00 UTC
252,0.01991553427793092,0.006781502677960781,7.253735673872045e-05,0.17641085158856812,0.0010880603510808066,0.22290729725808792,-7.928685461304976,-5.853902184646529,-9.531408863445597,-1.7349396203595395,-6.823358662343387,-1.5009993013151124,9,98,2015-04-18 00:00:00 UTC
253,0.019914089762497686,0.006781750924784218,7.253209545223762e-05,0.17639805613984189,0.0010879814317835642,0.22289112932472618,-7.928757996031006,-5.853628785171793,-9.531481398171628,-1.7350121550855713,-6.823431197069419,-1.5010718360411444,9,98,2015-04-19 00:00:00 UTC
254,0.019914089762497686,0.006781750924784218,7.253209545223762e-05,0.17639805613984189,0.0010879814317835642,0.22289112932472618,-7.928757996031006,-5.853628785171793,-9.531481398171628,-1.7350121550855713,-6.823431197069419,-1.5010718360411444,9,98,2015-04-20 00:00:00 UTC
255,0.019914089762497686,0.006781750924784218,7.253209545223762e-05,0.17639805613984189,0.0010879814317835642,0.22289112932472618,-7.928757996031006,-5.853628785171793,-9.531481398171628,-1.7350121550855713,-6.823431197069419,-1.5010718360411444,9,98,2015-04-21 00:00:00 UTC
256,0.019914089762497686,0.006781750924784218,7.253209545223762e-05,0.17639805613984189,0.0010879814317835642,0.22289112932472618,-7.928757996031006,-5.853628785171793,-9.531481398171628,-1.7350121550855713,-6.823431197069419,-1.5010718360411444,9,98,2015-04-22 00:00:00 UTC
257,0.019914089762497686,0.006781750924784218,7.253209545223762e-05,0.17639805613984189,0.0010879814317835642,0.22289112932472618,-7.928757996031006,-5.853628785171793,-9.531481398171628,-1.7350121550855713,-6.823431197069419,-1.5010718360411444,9,98,2015-04-23 00:00:00 UTC
258,0.019914089762497686,0.006781750924784218,7.253209545223762e-05,0.17639805613984189,0.0010879814317835642,0.22289112932472618,-7.928757996031006,-5.853628785171793,-9.531481398171628,-1.7350121550855713,-6.823431197069419,-1.5010718360411444,9,98,2015-04-24 00:00:00 UTC
259,0.019914089762497686,0.006781750924784218,7.253209545223762e-05,0.17639805613984189,0.0010879814317835642,0.22289112932472618,-7.928757996031006,-5.853628785171793,-9.531481398171628,-1.7350121550855713,-6.823431197069419,-1.5010718360411444,9,98,2015-04-25 00:00:00 UTC
260,0.019914089762497686,0.006781750924784218,7.253209545223762e-05,0.17639805613984189,0.0010879814317835642,0.22289112932472618,-7.928757996031006,-5.853628785171793,-9.531481398171628,-1.7350121550855713,-6.823431197069419,-1.5010718360411444,9,98,2015-04-26 00:00:00 UTC
261,0.019920703993811042,0.006781259065854365,7.25268349289237e-05,0.17645778938207138,0.0010879025239338555,0.22287496373658253,-7.928784847751972,-5.85370131463692,-9.531553927636756,-1.7346735848532333,-6.823503726534546,-1.5011443655062713,9,98,2015-04-27 00:00:00 UTC
262,0.01994054093249221,0.006779783917047352,7.251105793633529e-05,0.17663693713291276,0.0010876658690450293,0.22282648103835834,-7.928865483917745,-5.853918871474502,-9.531771484474337,-1.73365885564455,-6.8237212833721275,-1.501361922343853,9,98,2015-04-28 00:00:00 UTC
263,0.019945705148344164,0.0067788008410063095,7.250054375407815e-05,0.17668382512868847,0.0010875081563111724,0.22279417095628218,-7.92896489276388,-5.85406388307568,-9.53191649607552,-1.7333934424503137,-6.8238662949733095,-1.501506933945035,9,98,2015-04-29 00:00:00 UTC
264,0.019952314210687414,0.006778309409888354,7.24952878062926e-05,0.17674351167174135,0.001087429317094389,0.22277801942873712,-7.928991806633375,-5.854136380991399,-9.531988993991236,-1.7330556839500197,-6.8239387928890265,-1.501579431860752,9,98,2015-04-30 00:00:00 UTC
265,0.019978740880320818,0.006776344397738806,7.247427163357009e-05,0.17698217132917815,0.0010871140745035513,0.22271343672996086,-7.9290995963449244,-5.8544263201062225,-9.532278933106054,-1.731706278435404,-6.824228732003844,-1.5018693709755693,9,98,2015-05-01 00:00:00 UTC
266,0.019978740880320818,0.006776344397738806,7.247427163357009e-05,0.17698217132917815,0.0010871140745035513,0.22271343672996086,-7.9290995963449244,-5.8544263201062225,-9.532278933106054,-1.731706278435404,-6.824228732003844,-1.5018693709755693,9,98,2015-05-02 00:00:00 UTC
267,0.019978740880320818,0.006776344397738806,7.247427163357009e-05,0.17698217132917815,0.0010871140745035513,0.22271343672996086,-7.9290995963449244,-5.8544263201062225,-9.532278933106054,-1.731706278435404,-6.824228732003844,-1.5018693709755693,9,98,2015-05-03 00:00:00 UTC
268,0.019998550829650026,0.0067748713861314315,7.245851749873198e-05,0.17716107528439967,0.0010868777624809796,0.22266502427360335,-7.929180579167095,-5.854643719288198,-9.53249633228804,-1.7306959303790677,-6.82444613118583,-1.5020867701575553,9,98,2015-05-04 00:00:00 UTC
269,0.020005152232365687,0.0067743805245616545,7.245326764237067e-05,0.17722069265323867,0.00108679901463556,0.22264889146500508,-7.929207600133141,-5.854716175180711,-9.532568788180548,-1.7303594719334294,-6.824518587078337,-1.5021592260500625,9,98,2015-05-05 00:00:00 UTC
270,0.020005152232365687,0.0067743805245616545,7.245326764237067e-05,0.17722069265323867,0.00108679901463556,0.22264889146500508,-7.929207600133141,-5.854716175180711,-9.532568788180548,-1.7303594719334294,-6.824518587078337,-1.5021592260500625,9,98,2015-05-06 00:00:00 UTC
271,0.020015452218842048,0.006772417789366938,7.243227582210633e-05,0.1773142112125163,0.0010864841373315949,0.22258438360133276,-7.929406557062115,-5.855005946263585,-9.53285855926342,-1.729831915631204,-6.824808358161211,-1.5024489971329362,9,98,2015-05-07 00:00:00 UTC
272,0.020015452218842048,0.006772417789366938,7.243227582210633e-05,0.1773142112125163,0.0010864841373315949,0.22258438360133276,-7.929406557062115,-5.855005946263585,-9.53285855926342,-1.729831915631204,-6.824808358161211,-1.5024489971329362,9,98,2015-05-08 00:00:00 UTC
273,0.020015452218842048,0.006772417789366938,7.243227582210633e-05,0.1773142112125163,0.0010864841373315949,0.22258438360133276,-7.929406557062115,-5.855005946263585,-9.53285855926342,-1.729831915631204,-6.824808358161211,-1.5024489971329362,9,98,2015-05-09 00:00:00 UTC
274,0.020010455623919256,0.0067680057908071,7.238508867173362e-05,0.17727108215707565,0.0010857763300760044,0.22243937748823742,-7.93001285589844,-5.855657624357684,-9.533510237357516,-1.7300751804053491,-6.825460036255307,-1.5031006752270324,9,98,2015-05-10 00:00:00 UTC
275,0.0200302343159486,0.006766536401794764,7.236937328122738e-05,0.17744970328556955,0.0010855405992184109,0.22239108409321176,-7.930093960911446,-5.855874756048906,-9.53372736904874,-1.7290680719926381,-6.82567716794653,-1.5033178069182556,9,98,2015-05-11 00:00:00 UTC
276,0.02004341534008684,0.006765557163531113,7.23589001447178e-05,0.17756874095513747,0.001085383502170767,0.2223589001447178,-7.930148097160507,-5.856019484321824,-9.53387209732166,-1.7283974720508042,-6.825821896219451,-1.5034625351911763,9,98,2015-05-12 00:00:00 UTC
277,0.02004341534008684,0.006765557163531113,7.23589001447178e-05,0.17756874095513747,0.001085383502170767,0.2223589001447178,-7.930148097160507,-5.856019484321824,-9.53387209732166,-1.7283974720508042,-6.825821896219451,-1.5034625351911763,9,98,2015-05-13 00:00:00 UTC
278,0.02004341534008684,0.006765557163531113,7.23589001447178e-05,0.17756874095513747,0.001085383502170767,0.2223589001447178,-7.930148097160507,-5.856019484321824,-9.53387209732166,-1.7283974720508042,-6.825821896219451,-1.5034625351911763,9,98,2015-05-14 00:00:00 UTC
279,0.02005000442161284,0.006765067650676503,7.235366471311772e-05,0.177628246870704,0.0010853049706967658,0.22234281166341074,-7.930175185114233,-5.856091840604193,-9.533944453604027,-1.7280624133754057,-6.825894252501817,-1.503534891473542,9,98,2015-05-15 00:00:00 UTC
280,0.02007635121559173,0.006763110307414108,7.233273056057866e-05,0.17786618444846292,0.00108499095840868,0.22227848101265824,-7.93028366879101,-5.856381213390694,-9.534233826390535,-1.726723784174343,-6.8261836252883255,-1.5038242642600508,9,98,2015-05-16 00:00:00 UTC
281,0.020089518896201478,0.006762132060461412,7.23222680263253e-05,0.17798510161278658,0.0010848340203948796,0.22224632964489766,-7.930337989547441,-5.8565258683887835,-9.534378481388618,-1.7260554309975622,-6.826328280286408,-1.5039689192581334,9,98,2015-05-17 00:00:00 UTC
282,0.020089518896201478,0.006762132060461412,7.23222680263253e-05,0.17798510161278658,0.0010848340203948796,0.22224632964489766,-7.930337989547441,-5.8565258683887835,-9.534378481388618,-1.7260554309975622,-6.826328280286408,-1.5039689192581334,9,98,2015-05-18 00:00:00 UTC
283,0.020089518896201478,0.006762132060461412,7.23222680263253e-05,0.17798510161278658,0.0010848340203948796,0.22224632964489766,-7.930337989547441,-5.8565258683887835,-9.534378481388618,-1.7260554309975622,-6.826328280286408,-1.5039689192581334,9,98,2015-05-19 00:00:00 UTC
284,0.020089518896201478,0.006762132060461412,7.23222680263253e-05,0.17798510161278658,0.0010848340203948796,0.22224632964489766,-7.930337989547441,-5.8565258683887835,-9.534378481388618,-1.7260554309975622,-6.826328280286408,-1.5039689192581334,9,98,2015-05-20 00:00:00 UTC
285,0.020096101308134856,0.006761643043100951,7.231703789412785e-05,0.17804454729534278,0.0010847555684119178,0.2222302574486549,-7.930365169605523,-5.85659818804168,-9.534450801041515,-1.7257214942971164,-6.826400599939305,-1.5040412389110305,9,98,2015-05-21 00:00:00 UTC
286,0.020096101308134856,0.006761643043100951,7.231703789412785e-05,0.17804454729534278,0.0010847555684119178,0.2222302574486549,-7.930365169605523,-5.85659818804168,-9.534450801041515,-1.7257214942971164,-6.826400599939305,-1.5040412389110305,9,98,2015-05-22 00:00:00 UTC
287,0.020096101308134856,0.006761643043100951,7.231703789412785e-05,0.17804454729534278,0.0010847555684119178,0.2222302574486549,-7.930365169605523,-5.85659818804168,-9.534450801041515,-1.7257214942971164,-6.826400599939305,-1.5040412389110305,9,98,2015-05-23 00:00:00 UTC
288,0.020122421438210913,0.006759687680740315,7.229612492770387e-05,0.17828224407171775,0.0010844418739155582,0.222165991902834,-7.930474020707147,-5.85688741436329,-9.534740027363126,-1.7243873436388368,-6.826689826260917,-1.5043304652326417,9,98,2015-05-24 00:00:00 UTC
289,0.020122421438210913,0.006759687680740315,7.229612492770387e-05,0.17828224407171775,0.0010844418739155582,0.222165991902834,-7.930474020707147,-5.85688741436329,-9.534740027363126,-1.7243873436388368,-6.826689826260917,-1.5043304652326417,9,98,2015-05-25 00:00:00 UTC
290,0.020120966770283633,0.006759936679074141,7.22908985758693e-05,0.1782693558880937,0.0010843634786380394,0.22214993132364635,-7.930546314218834,-5.8565594965162715,-9.534812320874815,-1.7244596371505256,-6.826762119772606,-1.5044027587443305,9,98,2015-05-26 00:00:00 UTC
291,0.02014069576949022,0.00675847095125995,7.227522405319457e-05,0.1784475281873374,0.0010841283607979184,0.2221017635154669,-7.930628073887647,-5.856776345698518,-9.53502917005706,-1.7234606807118797,-6.826978968954849,-1.5046196079265748,9,98,2015-05-27 00:00:00 UTC
292,0.020160416215044448,0.006757005858922798,7.225955632632416e-05,0.17862562323867331,0.0010838933448948623,0.22205361659079415,-7.93070995058625,-5.856993147867391,-9.53524597222593,-1.7224631536483488,-6.82719577112372,-1.5048364100954454,9,98,2015-05-28 00:00:00 UTC
293,0.020160416215044448,0.006757005858922798,7.225955632632416e-05,0.17862562323867331,0.0010838933448948623,0.22205361659079415,-7.93070995058625,-5.856993147867391,-9.53524597222593,-1.7224631536483488,-6.82719577112372,-1.5048364100954454,9,98,2015-05-29 00:00:00 UTC
294,0.020170643807138795,0.00675505339027903,7.223867658744492e-05,0.17871848587733874,0.0010835801488116737,0.22198945315321825,-7.93090908767307,-5.857282144329193,-9.535534968687735,-1.7219434157353017,-6.827484767585525,-1.5051254065572504,9,98,2015-05-30 00:00:00 UTC
295,0.020170643807138795,0.00675505339027903,7.223867658744492e-05,0.17871848587733874,0.0010835801488116737,0.22198945315321825,-7.93090908767307,-5.857282144329193,-9.535534968687735,-1.7219434157353017,-6.827484767585525,-1.5051254065572504,9,98,2015-05-31 00:00:00 UTC
296,0.020170643807138795,0.00675505339027903,7.223867658744492e-05,0.17871848587733874,0.0010835801488116737,0.22198945315321825,-7.93090908767307,-5.857282144329193,-9.535534968687735,-1.7219434157353017,-6.827484767585525,-1.5051254065572504,9,98,2015-06-01 00:00:00 UTC
297,0.020170643807138795,0.00675505339027903,7.223867658744492e-05,0.17871848587733874,0.0010835801488116737,0.22198945315321825,-7.93090908767307,-5.857282144329193,-9.535534968687735,-1.7219434157353017,-6.827484767585525,-1.5051254065572504,9,98,2015-06-02 00:00:00 UTC
298,0.020170643807138795,0.00675505339027903,7.223867658744492e-05,0.17871848587733874,0.0010835801488116737,0.22198945315321825,-7.93090908767307,-5.857282144329193,-9.535534968687735,-1.7219434157353017,-6.827484767585525,-1.5051254065572504,9,98,2015-06-03 00:00:00 UTC
299,0.020170643807138795,0.00675505339027903,7.223867658744492e-05,0.17871848587733874,0.0010835801488116737,0.22198945315321825,-7.93090908767307,-5.857282144329193,-9.535534968687735,-1.7219434157353017,-6.827484767585525,-1.5051254065572504,9,98,2015-06-04 00:00:00 UTC
300,0.020167730026884965,0.006754077579027273,7.222824124232574e-05,0.1786926688335139,0.0010834236186348862,0.22195738533766704,-7.9310535545904,-5.85742661124652,-9.535679435605063,-1.7220878826526291,-6.827629234502853,-1.5052698734745775,9,98,2015-06-05 00:00:00 UTC
301,0.020166273452421078,0.006753589779115458,7.222302470027445e-05,0.178679763108479,0.0010833453705041166,0.22194135490394337,-7.931125780223307,-5.857498836879428,-9.53575166123797,-1.7221601082855376,-6.827701460135761,-1.5053420991074862,9,98,2015-06-06 00:00:00 UTC
302,0.020185974117665945,0.006752126802053045,7.220737959419453e-05,0.17885767925481985,0.001083110693912918,0.22189327749295978,-7.931207772879508,-5.857715482484174,-9.535968306842717,-1.721164877353358,-6.827918105740507,-1.505558744712233,9,98,2015-06-07 00:00:00 UTC
303,0.02019910315340249,0.0067511518360863915,7.219695328857122e-05,0.17897624720236807,0.0010829542993285683,0.22186123745577938,-7.931262499151241,-5.85785988681655,-9.536112711175099,-1.720502179139908,-6.828062510072889,-1.505703149044614,9,98,2015-06-08 00:00:00 UTC
304,0.02019910315340249,0.0067511518360863915,7.219695328857122e-05,0.17897624720236807,0.0010829542993285683,0.22186123745577938,-7.931262499151241,-5.85785988681655,-9.536112711175099,-1.720502179139908,-6.828062510072889,-1.505703149044614,9,98,2015-06-09 00:00:00 UTC
305,0.02019910315340249,0.0067511518360863915,7.219695328857122e-05,0.17897624720236807,0.0010829542993285683,0.22186123745577938,-7.931262499151241,-5.85785988681655,-9.536112711175099,-1.720502179139908,-6.828062510072889,-1.505703149044614,9,98,2015-06-10 00:00:00 UTC
306,0.02019910315340249,0.0067511518360863915,7.219695328857122e-05,0.17897624720236807,0.0010829542993285683,0.22186123745577938,-7.931262499151241,-5.85785988681655,-9.536112711175099,-1.720502179139908,-6.828062510072889,-1.505703149044614,9,98,2015-06-11 00:00:00 UTC
307,0.02019910315340249,0.0067511518360863915,7.219695328857122e-05,0.17897624720236807,0.0010829542993285683,0.22186123745577938,-7.931262499151241,-5.85785988681655,-9.536112711175099,-1.720502179139908,-6.828062510072889,-1.505703149044614,9,98,2015-06-12 00:00:00 UTC
308,0.02019910315340249,0.0067511518360863915,7.219695328857122e-05,0.17897624720236807,0.0010829542993285683,0.22186123745577938,-7.931262499151241,-5.85785988681655,-9.536112711175099,-1.720502179139908,-6.828062510072889,-1.505703149044614,9,98,2015-06-13 00:00:00 UTC
309,0.02019910315340249,0.0067511518360863915,7.219695328857122e-05,0.17897624720236807,0.0010829542993285683,0.22186123745577938,-7.931262499151241,-5.85785988681655,-9.536112711175099,-1.720502179139908,-6.828062510072889,-1.505703149044614,9,98,2015-06-14 00:00:00 UTC
310,0.020212228398180897,0.006750177151637382,7.218652999350322e-05,0.17909478091388148,0.0010827979499025483,0.22182920667003536,-7.931317276894396,-5.858004270299336,-9.536257094657879,-1.719840110966078,-6.828206893555669,-1.5058475325273943,9,98,2015-06-15 00:00:00 UTC
311,0.02021076945286559,0.00674968991494389,7.218131947451999e-05,0.1790818536162841,0.0010827197921178,0.22181319474519995,-7.9313894608190685,-5.8580764542240065,-9.536329278582551,-1.7199122948907495,-6.828279077480341,-1.5059197164520657,9,98,2015-06-16 00:00:00 UTC
312,0.02021076945286559,0.00674968991494389,7.218131947451999e-05,0.1790818536162841,0.0010827197921178,0.22181319474519995,-7.9313894608190685,-5.8580764542240065,-9.536329278582551,-1.7199122948907495,-6.828279077480341,-1.5059197164520657,9,98,2015-06-17 00:00:00 UTC
313,0.020217330285897592,0.006749202748584096,7.217610970768675e-05,0.17914110429447852,0.0010826416456153013,0.2217971851317214,-7.931416863747734,-5.858148632938537,-9.536401457297078,-1.7195814915325263,-6.8283512561948685,-1.5059918951665943,9,98,2015-06-18 00:00:00 UTC
314,0.020217330285897592,0.006749202748584096,7.217610970768675e-05,0.17914110429447852,0.0010826416456153013,0.2217971851317214,-7.931416863747734,-5.858148632938537,-9.536401457297078,-1.7195814915325263,-6.8283512561948685,-1.5059918951665943,9,98,2015-06-19 00:00:00 UTC
315,0.020217330285897592,0.006749202748584096,7.217610970768675e-05,0.17914110429447852,0.0010826416456153013,0.2217971851317214,-7.931416863747734,-5.858148632938537,-9.536401457297078,-1.7195814915325263,-6.8283512561948685,-1.5059918951665943,9,98,2015-06-20 00:00:00 UTC
316,0.020230449111159222,0.006748228626804693,7.216569242981887e-05,0.17925957999567005,0.001082485386447283,0.22176517283683336,-7.931471708072838,-5.85829297474017,-9.536545799098715,-1.7189203560453457,-6.828495597996505,-1.5061362369682305,9,98,2015-06-21 00:00:00 UTC
317,0.020250120250120258,0.006746767971257766,7.215007215007215e-05,0.17943722943722945,0.0010822510822510823,0.22171717171717173,-7.931554070523567,-5.858509448385352,-9.536762272743895,-1.7179298289404894,-6.828712071641684,-1.5063527106134096,9,98,2015-06-22 00:00:00 UTC
318,0.020256675404211655,0.006746281226580544,7.214486689272058e-05,0.1794964288290888,0.0010821730033908088,0.22170117596133035,-7.9315815502090645,-5.858581595854811,-9.536834420213353,-1.717599966354283,-6.828784219111143,-1.5064248580828683,9,98,2015-06-23 00:00:00 UTC
319,0.020282886564891606,0.0067443349499915406,7.21240533717995e-05,0.17973314100252435,0.0010818608005769925,0.22163721601153985,-7.931691596262447,-5.858870133691331,-9.537122958049878,-1.7162820781425345,-6.829072756947668,-1.5067133959193937,9,98,2015-06-24 00:00:00 UTC
320,0.020289436992163092,0.006743848556298326,7.211885186787827e-05,0.1797922977066205,0.0010817827780181739,0.2216212317899899,-7.931719139535425,-5.8589422551438926,-9.537195079502435,-1.715952995978878,-6.829144878400226,-1.506785517371951,9,98,2015-06-25 00:00:00 UTC
321,0.020289436992163092,0.006743848556298326,7.211885186787827e-05,0.1797922977066205,0.0010817827780181739,0.2216212317899899,-7.931719139535425,-5.8589422551438926,-9.537195079502435,-1.715952995978878,-6.829144878400226,-1.506785517371951,9,98,2015-06-26 00:00:00 UTC
322,0.020302535012659037,0.006742875979350496,7.210845111047014e-05,0.17991058552062303,0.001081626766657052,0.22158927026247477,-7.931774264097673,-5.85908648244637,-9.537339306804913,-1.7152952986192949,-6.829289105702704,-1.5069297446744294,9,98,2015-06-27 00:00:00 UTC
323,0.020315629255787875,0.006741903682886278,7.209805335255949e-05,0.18002883922134102,0.0010814708002883922,0.2215573179524153,-7.931829439257844,-5.859230688950336,-9.537483513308878,-1.714638223029104,-6.8294333122066675,-1.5070739511783926,9,98,2015-06-28 00:00:00 UTC
324,0.020315629255787875,0.006741903682886278,7.209805335255949e-05,0.18002883922134102,0.0010814708002883922,0.2215573179524153,-7.931829439257844,-5.859230688950336,-9.537483513308878,-1.714638223029104,-6.8294333122066675,-1.5070739511783926,9,98,2015-06-29 00:00:00 UTC
